ClaimNum,CatastropheCode,RiskDescription,loss_amount,CurrencyDesc,LossDate,Year,Annual_mean_max_C,Annual_total_mm,temp_std,rain_std,SSI
1234.0,2025 Feb flooding,Houseowners Combined,22549.66,PULA,2025-02-19,2025,26.8,853.1,-2.0746970907783893,2.267876005967521,-1.671286548372955
1235.0,2025 Feb flooding,Houseowners Combined,300000.0,PULA,2025-02-19,2025,28.6,301.5,0.14308255798472239,-0.8756737254464544,1.0093781417155885
1236.0,2025 Feb flooding,Houseowners Combined,86243.5,PULA,2025-02-19,2025,28.0,509.4,-0.5961773249363164,0.3091413382971377,0.047340668383272944
1237.0,2025 Feb flooding,Houseowners Combined,8901.06,PULA,2025-02-21,2025,27.4,810.4,-1.335437207857355,2.024530151124561,-1.179983679490958
1238.0,2025 Feb flooding,Houseowners Combined,18055.13,PULA,2025-02-19,2025,28.1,475.6,-0.4729673444494751,0.11651628223877616,0.20525818665587436
1239.0,2025 Feb flooding,Houseowners Combined,23770.0,PULA,2025-02-19,2025,27.8,567.0,-0.8425972859099945,0.6374017888581331,-0.23999953738406382
1240.0,2025 Feb flooding,Houseowners Combined,488260.34,PULA,2025-02-20,2025,28.0,509.4,-0.5961773249363164,0.3091413382971377,0.047340668383272944
1241.0,2025 Feb flooding,Houseowners Combined,45725.58,PULA,2025-02-19,2025,28.2,336.8,-0.34975736396263823,-0.6745002201547333,0.6623714280960475
1242.0,2025 Feb flooding,Houseowners Combined,49468.4,PULA,2025-02-19,2025,26.8,853.1,-2.0746970907783893,2.267876005967521,-1.671286548372955
1243.0,2025 Feb flooding,Houseowners Combined,38208.93,PULA,2025-02-19,2025,29.9,284.0,1.7448123043136323,-0.975405633168979,1.8601089687413057
1244.0,2025 Feb flooding,Houseowners Combined,23834.8,PULA,2025-02-20,2025,28.7,262.0,0.26629253847155926,-1.1007828885915814,1.1835377135315703
1245.0,2025 Feb flooding,Houseowners Combined,66231.0,PULA,2025-02-19,2025,29.9,414.7,1.7448123043136323,-0.23055075663560964,1.487681530474621
1246.0,2025 Feb flooding,Houseowners Combined,15289.15,PULA,2025-02-19,2025,28.1,475.6,-0.4729673444494751,0.11651628223877616,0.20525818665587436
1247.0,2025 Feb flooding,Houseowners Combined,200000.0,PULA,2025-02-19,2025,28.1,475.6,-0.4729673444494751,0.11651628223877616,0.20525818665587436
1248.0,2025 Feb flooding,Houseowners Combined,5802.0,PULA,2025-02-20,2025,28.2,488.3,-0.34975736396263823,0.1888931524145511,0.23067474181140535
1249.0,2025 Feb flooding,Houseowners Combined,9356.86,PULA,2025-02-19,2025,28.2,336.8,-0.34975736396263823,-0.6745002201547333,0.6623714280960475
1250.0,2025 Feb flooding,Houseowners Combined,25019.0,PULA,2025-02-19,2025,27.6,731.1,-1.0890172468836725,1.5726021349876353,-0.8308096909356539
1252.0,2025 Feb flooding,Houseowners Combined,19140.44,PULA,2025-02-19,2025,27.8,567.0,-0.8425972859099945,0.6374017888581331,-0.23999953738406382
1253.0,2025 Feb flooding,Houseowners Combined,29150.44,PULA,2025-02-19,2025,28.2,488.3,-0.34975736396263823,0.1888931524145511,0.23067474181140535
1254.0,2025 Feb flooding,Houseowners Combined,37514.0,PULA,2025-02-19,2025,27.9,636.8,-0.7193873054231575,1.0351896265171168,-0.37728846597013715
1255.0,2025 Feb flooding,Houseowners Combined,4250.0,PULA,2025-02-20,2025,29.1,180.3,0.7591324604189199,-1.566388423501882,1.662760441960401
1256.0,2025 Feb flooding,Houseowners Combined,75689.54,PULA,2025-02-19,2025,28.2,336.8,-0.34975736396263823,-0.6745002201547333,0.6623714280960475
1257.0,2025 Feb flooding,Houseowners Combined,10361.55,PULA,2025-02-19,2025,28.6,366.7,0.14308255798472239,-0.5041011321031057,0.823591845043914
1258.0,2025 Feb flooding,Houseowners Combined,20250.0,PULA,2025-02-19,2025,28.2,488.3,-0.34975736396263823,0.1888931524145511,0.23067474181140535
1259.0,2025 Feb flooding,Houseowners Combined,2772.0,PULA,2025-02-19,2025,29.1,357.3,0.7591324604189199,-0.5576714139654902,1.1584019371922052
1260.0,2025 Feb flooding,Houseowners Combined,5950.2,PULA,2025-02-19,2025,28.6,540.7,0.14308255798472239,0.4875189789665678,0.32778178950907727
1261.0,2025 Feb flooding,Houseowners Combined,37060.95,PULA,2025-02-19,2025,28.8,303.9,0.3895025189584005,-0.8619962066730797,1.12574936281574
1262.0,2025 Feb flooding,Houseowners Combined,36174.03,PULA,2025-02-19,2025,28.6,366.7,0.14308255798472239,-0.5041011321031057,0.823591845043914
1263.0,2025 Feb flooding,Houseowners Combined,46939.38,PULA,2025-02-19,2025,28.1,284.1,-0.4729673444494751,-0.9748357365534216,0.7509341960519732
1264.0,2025 Feb flooding,Houseowners Combined,70487.0,PULA,2025-02-19,2025,28.2,336.8,-0.34975736396263823,-0.6745002201547333,0.6623714280960475
1265.0,2025 Feb flooding,Houseowners Combined,13427.4,PULA,2025-02-19,2025,28.3,488.7,-0.22654738347579698,0.1911727388767801,0.2911399388237115
1268.0,2025 Feb flooding,Houseowners Combined,6668.0,PULA,2025-02-19,2025,29.1,357.3,0.7591324604189199,-0.5576714139654902,1.1584019371922052
1269.0,2025 Feb flooding,Houseowners Combined,10202.88,PULA,2025-02-19,2025,29.9,284.0,1.7448123043136323,-0.975405633168979,1.8601089687413057
1271.0,2025 Feb flooding,Houseowners Combined,75627.2,PULA,2025-02-19,2025,29.1,180.3,0.7591324604189199,-1.566388423501882,1.662760441960401
1272.0,2025 Feb flooding,Houseowners Combined,39010.97,PULA,2025-02-19,2025,28.0,509.4,-0.5961773249363164,0.3091413382971377,0.047340668383272944
1273.0,2025 Feb flooding,Houseowners Combined,13450.0,PULA,2025-02-21,2025,29.1,357.3,0.7591324604189199,-0.5576714139654902,1.1584019371922052
1275.0,2025 Feb flooding,Houseowners Combined,90208.92,PULA,2025-02-19,2025,29.1,544.5,0.7591324604189199,0.5091750503577444,0.6249787050305877
1277.0,2025 Feb flooding,Houseowners Combined,62047.43,PULA,2025-02-19,2025,27.1,539.4,-1.70506714931787,0.48011032296432277,-0.5925887361410964
1279.0,2025 Feb flooding,Houseowners Combined,50917.26,PULA,2025-02-19,2025,29.8,338.7,1.6216023238267956,-0.663672184459145,1.6426372541429703
1280.0,2025 Feb flooding,Houseowners Combined,8144.75,PULA,2025-02-20,2025,29.8,338.7,1.6216023238267956,-0.663672184459145,1.6426372541429703
1281.0,2025 Feb flooding,Houseowners Combined,350000.0,PULA,2025-02-20,2025,29.8,267.9,1.6216023238267956,-1.0671589882737018,1.844380656050249
1283.0,2025 Feb flooding,Houseowners Combined,113838.08,PULA,2025-02-20,2025,29.3,361.4,1.005552421392598,-0.5343056527276417,1.2699290370601197
1284.0,2025 Feb flooding,Houseowners Combined,77476.1,PULA,2025-02-20,2025,28.1,284.1,-0.4729673444494751,-0.9748357365534216,0.7509341960519732
1285.0,2025 Feb flooding,Houseowners Combined,14413.2,PULA,2025-02-20,2025,28.1,284.1,-0.4729673444494751,-0.9748357365534216,0.7509341960519732
1286.0,2025 Feb flooding,Houseowners Combined,77303.0,PULA,2025-02-19,2025,28.1,600.1,-0.4729673444494751,0.826037568607594,-0.14950245652853456
1287.0,2025 Feb flooding,Houseowners Combined,350000.0,PULA,2025-02-19,2025,27.4,810.4,-1.335437207857355,2.024530151124561,-1.179983679490958
1289.0,2025 Feb flooding,Houseowners Combined,350000.0,PULA,2025-02-19,2025,28.6,540.7,0.14308255798472239,0.4875189789665678,0.32778178950907727
1290.0,2025 Feb flooding,Houseowners Combined,155389.87,PULA,2025-02-19,2025,28.6,540.7,0.14308255798472239,0.4875189789665678,0.32778178950907727
1292.0,2025 Feb flooding,Private Motor,156498.95,PULA,2025-02-19,2025,27.4,810.4,-1.335437207857355,2.024530151124561,-1.179983679490958
1293.0,2025 Feb flooding,Private Motor,350000.0,PULA,2025-02-20,2025,28.6,540.7,0.14308255798472239,0.4875189789665678,0.32778178950907727
1294.0,2025 Feb flooding,Houseowners Combined,39916.05,PULA,2025-02-19,2025,28.7,262.0,0.26629253847155926,-1.1007828885915814,1.1835377135315703
1296.0,2025 Feb flooding,Houseowners Combined,13695.0,PULA,2025-02-19,2025,29.1,357.3,0.7591324604189199,-0.5576714139654902,1.1584019371922052
1301.0,2025 Feb flooding,Houseowners Combined,23591.0,PULA,2025-02-19,2025,29.9,414.7,1.7448123043136323,-0.23055075663560964,1.487681530474621
1302.0,2025 Feb flooding,Houseowners Combined,8589.45,PULA,2025-02-19,2025,28.6,301.5,0.14308255798472239,-0.8756737254464544,1.0093781417155885
1303.0,2025 Feb flooding,Houseowners Combined,125265.0,PULA,2025-02-19,2025,29.1,544.5,0.7591324604189199,0.5091750503577444,0.6249787050305877
1304.0,2025 Feb flooding,Houseowners Combined,42670.9,PULA,2025-02-19,2025,27.9,636.8,-0.7193873054231575,1.0351896265171168,-0.37728846597013715
1305.0,2025 Feb flooding,Houseowners Combined,350000.0,PULA,2025-02-19,2025,29.2,454.7,0.8823424409057568,-0.002592110412696265,0.9424672756592265
1306.0,2025 Feb flooding,Houseowners Combined,5436.8,PULA,2025-02-19,2025,28.7,262.0,0.26629253847155926,-1.1007828885915814,1.1835377135315703
1308.0,2025 Feb flooding,Motor Specified Individual,141030.83,PULA,2025-02-21,2025,26.8,853.1,-2.0746970907783893,2.267876005967521,-1.671286548372955
1309.0,2025 Feb flooding,Houseowners Combined,350000.0,PULA,2025-02-19,2025,28.2,336.8,-0.34975736396263823,-0.6745002201547333,0.6623714280960475
1310.0,2025 Feb flooding,Houseowners Combined,10518.0,PULA,2025-02-19,2025,27.8,639.6,-0.8425972859099945,1.051146731752721,-0.44687200883135775
1311.0,2025 Feb flooding,Houseowners Combined,40212.0,PULA,2025-02-19,2025,26.8,853.1,-2.0746970907783893,2.267876005967521,-1.671286548372955
1312.0,2025 Feb flooding,Houseowners Combined,22745.0,PULA,2025-02-19,2025,27.8,300.9,-0.8425972859099945,-0.8790931051397982,0.518247909614902
1313.0,2025 Feb flooding,Houseowners Combined,525382.59,PULA,2025-02-20,2025,27.6,731.1,-1.0890172468836725,1.5726021349876353,-0.8308096909356539
1315.0,2025 Feb flooding,Houseowners Combined,17135.0,PULA,2025-02-19,2025,29.1,544.5,0.7591324604189199,0.5091750503577444,0.6249787050305877
1316.0,2025 Feb flooding,Accident Classes,350000.0,PULA,2025-02-19,2025,28.1,284.1,-0.4729673444494751,-0.9748357365534216,0.7509341960519732
1318.0,2025 Feb flooding,Private Motor,247765.01,PULA,2025-02-20,2025,29.1,209.8,0.7591324604189199,-1.3982689219124833,1.5787006911657016
1319.0,2025 Feb flooding,Houseowners Combined,8531.47,PULA,2025-02-19,2025,27.8,300.9,-0.8425972859099945,-0.8790931051397982,0.518247909614902
1320.0,2025 Feb flooding,Houseowners Combined,24017.5,PULA,2025-02-19,2025,29.9,284.0,1.7448123043136323,-0.975405633168979,1.8601089687413057
1321.0,2025 Feb flooding,Houseowners Combined,1545.95,PULA,2025-02-19,2025,27.8,639.6,-0.8425972859099945,1.051146731752721,-0.44687200883135775
1322.0,2025 Feb flooding,Houseowners Combined,236941.66,PULA,2025-02-19,2025,29.9,284.0,1.7448123043136323,-0.975405633168979,1.8601089687413057
1323.0,2025 Feb flooding,Private Motor,33081.07,PULA,2025-02-19,2025,28.2,336.8,-0.34975736396263823,-0.6745002201547333,0.6623714280960475
1324.0,2025 Feb flooding,Private Motor,11389.52,PULA,2025-02-19,2025,28.6,366.7,0.14308255798472239,-0.5041011321031057,0.823591845043914
1325.0,2025 Feb flooding,Motor Scheme,350000.0,PULA,2025-02-19,2025,28.6,301.5,0.14308255798472239,-0.8756737254464544,1.0093781417155885
1326.0,2025 Feb flooding,Houseowners Combined,18143.88,PULA,2025-02-20,2025,28.1,284.1,-0.4729673444494751,-0.9748357365534216,0.7509341960519732
1327.0,2025 Feb flooding,Plant All Risks,85726.0,PULA,2025-02-21,2025,27.4,810.4,-1.335437207857355,2.024530151124561,-1.179983679490958
1330.0,2025 Feb flooding,Houseowners Combined,350000.0,PULA,2025-02-19,2025,28.1,284.1,-0.4729673444494751,-0.9748357365534216,0.7509341960519732
1331.0,2025 Feb flooding,Houseowners Combined,24704.0,PULA,2025-02-19,2025,26.8,853.1,-2.0746970907783893,2.267876005967521,-1.671286548372955
1332.0,2025 Feb flooding,Houseowners Combined,12367.35,PULA,2025-02-19,2025,29.1,357.3,0.7591324604189199,-0.5576714139654902,1.1584019371922052
1334.0,2025 Feb flooding,Houseowners Combined,78350.98,PULA,2025-02-19,2025,28.0,509.4,-0.5961773249363164,0.3091413382971377,0.047340668383272944
1335.0,2025 Feb flooding,Private Motor,437966.97,PULA,2025-02-19,2025,27.8,567.0,-0.8425972859099945,0.6374017888581331,-0.23999953738406382
1337.0,2025 Feb flooding,Houseowners Combined,350000.0,PULA,2025-02-19,2025,27.4,810.4,-1.335437207857355,2.024530151124561,-1.179983679490958
1338.0,2025 Feb flooding,Houseowners Combined,5505.0,PULA,2025-02-19,2025,27.9,636.8,-0.7193873054231575,1.0351896265171168,-0.37728846597013715
1339.0,2025 Feb flooding,Houseowners Combined,33001.62,PULA,2025-02-19,2025,29.1,209.8,0.7591324604189199,-1.3982689219124833,1.5787006911657016
1340.0,2025 Feb flooding,Houseowners Combined,7980.0,PULA,2025-02-19,2025,27.1,539.4,-1.70506714931787,0.48011032296432277,-0.5925887361410964
1341.0,2025 Feb flooding,Houseowners Combined,21293.5,PULA,2025-02-20,2025,27.6,731.1,-1.0890172468836725,1.5726021349876353,-0.8308096909356539
1342.0,2025 Feb flooding,Houseowners Combined,23432.0,PULA,2025-02-19,2025,27.8,300.9,-0.8425972859099945,-0.8790931051397982,0.518247909614902
1343.0,2025 Feb flooding,Houseowners Combined,186075.28,PULA,2025-02-19,2025,27.8,567.0,-0.8425972859099945,0.6374017888581331,-0.23999953738406382
1344.0,2025 Feb flooding,Houseowners Combined,94237.23,PULA,2025-02-20,2025,27.6,731.1,-1.0890172468836725,1.5726021349876353,-0.8308096909356539
1345.0,2025 Feb flooding,Houseowners Combined,197868.0,PULA,2025-02-19,2025,28.6,366.7,0.14308255798472239,-0.5041011321031057,0.823591845043914
1346.0,2025 Feb flooding,House Contents,25982.0,PULA,2025-02-19,2025,28.6,540.7,0.14308255798472239,0.4875189789665678,0.32778178950907727
1348.0,2025 Feb flooding,Houseowners Combined,69554.91,PULA,2025-02-19,2025,28.8,303.9,0.3895025189584005,-0.8619962066730797,1.12574936281574
1349.0,2025 Feb flooding,Houseowners Combined,5200.0,PULA,2025-02-19,2025,29.1,180.3,0.7591324604189199,-1.566388423501882,1.662760441960401
1351.0,2025 Feb flooding,Houseowners Combined,54282.34,PULA,2025-02-19,2025,29.3,361.4,1.005552421392598,-0.5343056527276417,1.2699290370601197
1352.0,2025 Feb flooding,Motor Specified Individual,11500.0,PULA,2025-02-21,2025,27.6,731.1,-1.0890172468836725,1.5726021349876353,-0.8308096909356539
1353.0,2025 Feb flooding,Houseowners Combined,350000.0,PULA,2025-02-19,2025,29.1,180.3,0.7591324604189199,-1.566388423501882,1.662760441960401
1355.0,2025 Feb flooding,Houseowners Combined,47612.0,PULA,2025-02-19,2025,28.0,509.4,-0.5961773249363164,0.3091413382971377,0.047340668383272944
1356.0,2025 Feb flooding,Houseowners Combined,7925.0,PULA,2025-02-19,2025,29.8,267.9,1.6216023238267956,-1.0671589882737018,1.844380656050249
1357.0,2025 Feb flooding,Houseowners Combined,49225.73,PULA,2025-02-20,2025,27.8,300.9,-0.8425972859099945,-0.8790931051397982,0.518247909614902
1358.0,2025 Feb flooding,Houseowners Combined,84122.5,PULA,2025-02-19,2025,29.9,284.0,1.7448123043136323,-0.975405633168979,1.8601089687413057
1359.0,2025 Feb flooding,Houseowners Combined,41368.62,PULA,2025-02-19,2025,29.1,357.3,0.7591324604189199,-0.5576714139654902,1.1584019371922052
1360.0,2025 Feb flooding,Houseowners Combined,13325.0,PULA,2025-02-20,2025,28.6,366.7,0.14308255798472239,-0.5041011321031057,0.823591845043914
1361.0,2025 Feb flooding,Houseowners Combined,24831.0,PULA,2025-02-19,2025,29.3,361.4,1.005552421392598,-0.5343056527276417,1.2699290370601197
1362.0,2025 Feb flooding,Houseowners Combined,7755.44,PULA,2025-02-21,2025,28.6,540.7,0.14308255798472239,0.4875189789665678,0.32778178950907727
1364.0,2025 Feb flooding,Houseowners Combined,17465.56,PULA,2025-02-19,2025,27.6,731.1,-1.0890172468836725,1.5726021349876353,-0.8308096909356539
1365.0,2025 Feb flooding,Houseowners Combined,48497.3,PULA,2025-02-19,2025,29.1,209.8,0.7591324604189199,-1.3982689219124833,1.5787006911657016
1367.0,2025 Feb flooding,Houseowners Combined,11350.0,PULA,2025-02-19,2025,29.8,267.9,1.6216023238267956,-1.0671589882737018,1.844380656050249
1369.0,2025 Feb flooding,Houseowners Combined,32512.94,PULA,2025-02-19,2025,28.1,600.1,-0.4729673444494751,0.826037568607594,-0.14950245652853456
1371.0,2025 Feb flooding,Houseowners Combined,7753.3,PULA,2025-02-19,2025,27.4,810.4,-1.335437207857355,2.024530151124561,-1.179983679490958
1372.0,2025 Feb flooding,House Contents,15432.61,PULA,2025-02-19,2025,27.8,567.0,-0.8425972859099945,0.6374017888581331,-0.23999953738406382
1373.0,2025 Feb flooding,Motor Specified Individual,389600.54,PULA,2025-02-19,2025,29.1,209.8,0.7591324604189199,-1.3982689219124833,1.5787006911657016
1374.0,2025 Feb flooding,Houseowners Combined,8181.0,PULA,2025-02-19,2025,29.9,414.7,1.7448123043136323,-0.23055075663560964,1.487681530474621
1375.0,2025 Feb flooding,Houseowners Combined,16126.51,PULA,2025-02-20,2025,28.1,284.1,-0.4729673444494751,-0.9748357365534216,0.7509341960519732
1377.0,2025 Feb flooding,Houseowners Combined,8801.8,PULA,2025-02-19,2025,29.1,544.5,0.7591324604189199,0.5091750503577444,0.6249787050305877
1378.0,2025 Feb flooding,Houseowners Combined,13334.2,PULA,2025-02-19,2025,28.6,540.7,0.14308255798472239,0.4875189789665678,0.32778178950907727
1379.0,2025 Feb flooding,Houseowners Combined,25915.4,PULA,2025-02-20,2025,27.8,567.0,-0.8425972859099945,0.6374017888581331,-0.23999953738406382
1380.0,2025 Feb flooding,Houseowners Combined,14862.0,PULA,2025-02-19,2025,28.2,336.8,-0.34975736396263823,-0.6745002201547333,0.6623714280960475
1381.0,2025 Feb flooding,Private Motor,21556.5,PULA,2025-02-19,2025,28.1,600.1,-0.4729673444494751,0.826037568607594,-0.14950245652853456
1382.0,2025 Feb flooding,Houseowners Combined,3179.1,PULA,2025-02-20,2025,28.2,660.4,-0.34975736396263823,1.1696852277886356,-0.2597212958756369
1383.0,2025 Feb flooding,Houseowners Combined,14358.85,PULA,2025-02-19,2025,27.8,300.9,-0.8425972859099945,-0.8790931051397982,0.518247909614902
1384.0,2025 Feb flooding,Houseowners Combined,21955.44,PULA,2025-02-19,2025,27.4,810.4,-1.335437207857355,2.024530151124561,-1.179983679490958
1385.0,2025 Feb flooding,Houseowners Combined,33777.0,PULA,2025-02-19,2025,28.2,336.8,-0.34975736396263823,-0.6745002201547333,0.6623714280960475
1386.0,2025 Feb flooding,Houseowners Combined,350000.0,PULA,2025-02-19,2025,28.2,488.3,-0.34975736396263823,0.1888931524145511,0.23067474181140535
1387.0,2025 Feb flooding,Houseowners Combined,27951.55,PULA,2025-02-19,2025,29.9,284.0,1.7448123043136323,-0.975405633168979,1.8601089687413057
1388.0,2025 Feb flooding,Houseowners Combined,10680.77,PULA,2025-02-19,2025,29.1,544.5,0.7591324604189199,0.5091750503577444,0.6249787050305877
1389.0,2025 Feb flooding,Houseowners Combined,23640.83,PULA,2025-02-21,2025,28.1,284.1,-0.4729673444494751,-0.9748357365534216,0.7509341960519732
1390.0,2025 Feb flooding,House Contents,22762.0,PULA,2025-02-19,2025,28.1,284.1,-0.4729673444494751,-0.9748357365534216,0.7509341960519732
1391.0,2025 Feb flooding,Houseowners Combined,12765.0,PULA,2025-02-19,2025,28.1,284.1,-0.4729673444494751,-0.9748357365534216,0.7509341960519732
1392.0,2025 Feb flooding,Houseowners Combined,39377.2,PULA,2025-02-21,2025,28.2,660.4,-0.34975736396263823,1.1696852277886356,-0.2597212958756369
1393.0,2025 Feb flooding,Houseowners Combined,20445.0,PULA,2025-02-20,2025,27.8,639.6,-0.8425972859099945,1.051146731752721,-0.44687200883135775
1394.0,2025 Feb flooding,Houseowners Combined,33864.18,PULA,2025-02-19,2025,28.0,509.4,-0.5961773249363164,0.3091413382971377,0.047340668383272944
1395.0,2025 Feb flooding,Houseowners Combined,28726.52,PULA,2025-02-21,2025,27.4,810.4,-1.335437207857355,2.024530151124561,-1.179983679490958
1396.0,2025 Feb flooding,Houseowners Combined,41451.85,PULA,2025-02-19,2025,28.2,660.4,-0.34975736396263823,1.1696852277886356,-0.2597212958756369
1397.0,2025 Feb flooding,Houseowners Combined,10500.0,PULA,2025-02-19,2025,28.3,488.7,-0.22654738347579698,0.1911727388767801,0.2911399388237115
1398.0,2025 Feb flooding,Houseowners Combined,4747.4,PULA,2025-02-19,2025,29.1,544.5,0.7591324604189199,0.5091750503577444,0.6249787050305877
1399.0,2025 Feb flooding,Houseowners Combined,43700.96,PULA,2025-02-19,2025,26.8,853.1,-2.0746970907783893,2.267876005967521,-1.671286548372955
1400.0,2025 Feb flooding,Houseowners Combined,1799.96,PULA,2025-02-19,2025,27.8,639.6,-0.8425972859099945,1.051146731752721,-0.44687200883135775
1401.0,2025 Feb flooding,Houseowners Combined,14042.33,PULA,2025-02-19,2025,28.2,488.3,-0.34975736396263823,0.1888931524145511,0.23067474181140535
1402.0,2025 Feb flooding,Houseowners Combined,50805.0,PULA,2025-02-20,2025,28.3,488.7,-0.22654738347579698,0.1911727388767801,0.2911399388237115
1403.0,2025 Feb flooding,Houseowners Combined,45691.0,PULA,2025-02-19,2025,29.1,357.3,0.7591324604189199,-0.5576714139654902,1.1584019371922052
1404.0,2025 Feb flooding,Houseowners Combined,10716.4,PULA,2025-02-19,2025,27.8,567.0,-0.8425972859099945,0.6374017888581331,-0.23999953738406382
1405.0,2025 Feb flooding,Houseowners Combined,350000.0,PULA,2025-02-19,2025,28.2,488.3,-0.34975736396263823,0.1888931524145511,0.23067474181140535
1406.0,2025 Feb flooding,Houseowners Combined,24806.6,PULA,2025-02-19,2025,29.8,267.9,1.6216023238267956,-1.0671589882737018,1.844380656050249
1407.0,2025 Feb flooding,Houseowners Combined,66090.7,PULA,2025-02-19,2025,28.1,475.6,-0.4729673444494751,0.11651628223877616,0.20525818665587436
1408.0,2025 Feb flooding,Motor Specified Individual,6922.61,PULA,2025-02-19,2025,28.7,262.0,0.26629253847155926,-1.1007828885915814,1.1835377135315703
1409.0,2025 Feb flooding,Houseowners Combined,20934.0,PULA,2025-02-19,2025,27.1,539.4,-1.70506714931787,0.48011032296432277,-0.5925887361410964
1410.0,2025 Feb flooding,Houseowners Combined,76180.47,PULA,2025-02-19,2025,27.8,567.0,-0.8425972859099945,0.6374017888581331,-0.23999953738406382
1411.0,2025 Feb flooding,Houseowners Combined,22534.0,PULA,2025-02-19,2025,27.9,636.8,-0.7193873054231575,1.0351896265171168,-0.37728846597013715
1412.0,2025 Feb flooding,Houseowners Combined,58652.87,PULA,2025-02-19,2025,27.9,636.8,-0.7193873054231575,1.0351896265171168,-0.37728846597013715
1414.0,2025 Feb flooding,Accident Classes,52673.1,PULA,2025-02-20,2025,28.3,488.7,-0.22654738347579698,0.1911727388767801,0.2911399388237115
1415.0,2025 Feb flooding,Houseowners Combined,17425.0,PULA,2025-02-19,2025,29.8,338.7,1.6216023238267956,-0.663672184459145,1.6426372541429703
1416.0,2025 Feb flooding,Houseowners Combined,12271.2,PULA,2025-02-20,2025,29.2,454.7,0.8823424409057568,-0.002592110412696265,0.9424672756592265
1417.0,2025 Feb flooding,Motor Specified Individual,350000.0,PULA,2025-02-21,2025,29.3,361.4,1.005552421392598,-0.5343056527276417,1.2699290370601197
1418.0,2025 Feb flooding,Houseowners Combined,34167.38,PULA,2025-02-20,2025,26.8,853.1,-2.0746970907783893,2.267876005967521,-1.671286548372955
1419.0,2025 Feb flooding,Houseowners Combined,48253.33,PULA,2025-02-19,2025,29.9,284.0,1.7448123043136323,-0.975405633168979,1.8601089687413057
1420.0,2025 Feb flooding,Houseowners Combined,42606.3,PULA,2025-02-19,2025,27.8,639.6,-0.8425972859099945,1.051146731752721,-0.44687200883135775
1421.0,2025 Feb flooding,Houseowners Combined,22492.0,PULA,2025-02-19,2025,28.1,284.1,-0.4729673444494751,-0.9748357365534216,0.7509341960519732
1422.0,2025 Feb flooding,Houseowners Combined,6400.0,PULA,2025-02-21,2025,26.8,853.1,-2.0746970907783893,2.267876005967521,-1.671286548372955
1423.0,2025 Feb flooding,Houseowners Combined,42945.31,PULA,2025-02-19,2025,27.8,639.6,-0.8425972859099945,1.051146731752721,-0.44687200883135775
1424.0,2025 Feb flooding,Houseowners Combined,115852.0,PULA,2025-02-19,2025,27.8,567.0,-0.8425972859099945,0.6374017888581331,-0.23999953738406382
1425.0,2025 Feb flooding,Houseowners Combined,41721.8,PULA,2025-02-19,2025,29.1,357.3,0.7591324604189199,-0.5576714139654902,1.1584019371922052
1427.0,2025 Feb flooding,Houseowners Combined,11953.1,PULA,2025-02-21,2025,28.6,366.7,0.14308255798472239,-0.5041011321031057,0.823591845043914
1428.0,2025 Feb flooding,House Contents,4300.08,PULA,2025-02-19,2025,28.3,488.7,-0.22654738347579698,0.1911727388767801,0.2911399388237115
1429.0,2025 Feb flooding,Houseowners Combined,37109.5,PULA,2025-02-19,2025,28.1,600.1,-0.4729673444494751,0.826037568607594,-0.14950245652853456
1431.0,2025 Feb flooding,Houseowners Combined,36424.61,PULA,2025-02-19,2025,29.9,414.7,1.7448123043136323,-0.23055075663560964,1.487681530474621
1432.0,2025 Feb flooding,Contractors All Risks,5908.95,PULA,2025-02-21,2025,29.9,414.7,1.7448123043136323,-0.23055075663560964,1.487681530474621
1433.0,2025 Feb flooding,Houseowners Combined,14855.4,PULA,2025-02-19,2025,28.6,540.7,0.14308255798472239,0.4875189789665678,0.32778178950907727
1434.0,2025 Feb flooding,Houseowners Combined,9677.2,PULA,2025-02-19,2025,28.2,488.3,-0.34975736396263823,0.1888931524145511,0.23067474181140535
1435.0,2025 Feb flooding,Houseowners Combined,28148.8,PULA,2025-02-19,2025,29.2,454.7,0.8823424409057568,-0.002592110412696265,0.9424672756592265
1437.0,2025 Feb flooding,Motor Specified Individual,16087.5,PULA,2025-02-19,2025,27.9,636.8,-0.7193873054231575,1.0351896265171168,-0.37728846597013715
1438.0,2025 Feb flooding,Houseowners Combined,29117.52,PULA,2025-02-19,2025,29.1,357.3,0.7591324604189199,-0.5576714139654902,1.1584019371922052
1439.0,2025 Feb flooding,Houseowners Combined,46598.22,PULA,2025-02-20,2025,27.8,567.0,-0.8425972859099945,0.6374017888581331,-0.23999953738406382
1440.0,2025 Feb flooding,Private Motor,11700.0,PULA,2025-02-19,2025,29.1,180.3,0.7591324604189199,-1.566388423501882,1.662760441960401
1442.0,2025 Feb flooding,Houseowners Combined,32589.07,PULA,2025-02-19,2025,29.8,338.7,1.6216023238267956,-0.663672184459145,1.6426372541429703
1443.0,2025 Feb flooding,Houseowners Combined,257810.96,PULA,2025-02-19,2025,27.9,636.8,-0.7193873054231575,1.0351896265171168,-0.37728846597013715
1447.0,2025 Feb flooding,Houseowners Combined,11773.08,PULA,2025-02-19,2025,28.3,488.7,-0.22654738347579698,0.1911727388767801,0.2911399388237115
1448.0,2025 Feb flooding,Private Motor,26500.0,PULA,2025-02-19,2025,27.9,636.8,-0.7193873054231575,1.0351896265171168,-0.37728846597013715
1449.0,2025 Feb flooding,Houseowners Combined,5900.0,PULA,2025-02-19,2025,29.2,454.7,0.8823424409057568,-0.002592110412696265,0.9424672756592265
1450.0,2025 Feb flooding,Private Motor,4335.39,PULA,2025-02-21,2025,27.4,810.4,-1.335437207857355,2.024530151124561,-1.179983679490958
1451.0,2025 Feb flooding,Houseowners Combined,12931.59,PULA,2025-02-19,2025,29.1,209.8,0.7591324604189199,-1.3982689219124833,1.5787006911657016
1452.0,2025 Feb flooding,Houseowners Combined,7800.0,PULA,2025-02-20,2025,27.9,636.8,-0.7193873054231575,1.0351896265171168,-0.37728846597013715
1453.0,2025 Feb flooding,Private Motor,35009.3,PULA,2025-02-19,2025,28.3,488.7,-0.22654738347579698,0.1911727388767801,0.2911399388237115
1454.0,2025 Feb flooding,Houseowners Combined,49586.12,PULA,2025-02-20,2025,29.2,454.7,0.8823424409057568,-0.002592110412696265,0.9424672756592265
1455.0,2025 Feb flooding,Houseowners Combined,12178.34,PULA,2025-02-19,2025,29.9,284.0,1.7448123043136323,-0.975405633168979,1.8601089687413057
1456.0,2025 Feb flooding,Houseowners Combined,56084.63,PULA,2025-02-19,2025,29.9,414.7,1.7448123043136323,-0.23055075663560964,1.487681530474621
1457.0,2025 Feb flooding,Houseowners Combined,125748.81,PULA,2025-02-19,2025,29.8,267.9,1.6216023238267956,-1.0671589882737018,1.844380656050249
1458.0,2025 Feb flooding,Houseowners Combined,146490.25,PULA,2025-02-20,2025,29.1,209.8,0.7591324604189199,-1.3982689219124833,1.5787006911657016
1459.0,2025 Feb flooding,Houseowners Combined,34956.02,PULA,2025-02-19,2025,26.8,853.1,-2.0746970907783893,2.267876005967521,-1.671286548372955
1460.0,2025 Feb flooding,Houseowners Combined,12010.59,PULA,2025-02-19,2025,29.8,338.7,1.6216023238267956,-0.663672184459145,1.6426372541429703
1461.0,2025 Feb flooding,Houseowners Combined,71946.4,PULA,2025-02-19,2025,27.8,639.6,-0.8425972859099945,1.051146731752721,-0.44687200883135775
1462.0,2025 Feb flooding,Houseowners Combined,50293.0,PULA,2025-02-20,2025,27.4,810.4,-1.335437207857355,2.024530151124561,-1.179983679490958
1463.0,2025 Feb flooding,Houseowners Combined,21870.25,PULA,2025-02-19,2025,27.4,810.4,-1.335437207857355,2.024530151124561,-1.179983679490958
1466.0,2025 Feb flooding,Houseowners Combined,350000.0,PULA,2025-02-19,2025,29.9,284.0,1.7448123043136323,-0.975405633168979,1.8601089687413057
1468.0,2025 Feb flooding,Houseowners Combined,26611.22,PULA,2025-02-19,2025,29.3,361.4,1.005552421392598,-0.5343056527276417,1.2699290370601197
1469.0,2025 Feb flooding,Houseowners Combined,23469.01,PULA,2025-02-19,2025,28.1,284.1,-0.4729673444494751,-0.9748357365534216,0.7509341960519732
1470.0,2025 Feb flooding,Houseowners Combined,5750.0,PULA,2025-02-19,2025,28.2,660.4,-0.34975736396263823,1.1696852277886356,-0.2597212958756369
1471.0,2025 Feb flooding,Houseowners Combined,9773.4,PULA,2025-02-19,2025,28.7,262.0,0.26629253847155926,-1.1007828885915814,1.1835377135315703
1472.0,2025 Feb flooding,Motor Scheme,48300.0,PULA,2025-02-19,2025,29.8,267.9,1.6216023238267956,-1.0671589882737018,1.844380656050249
1473.0,2025 Feb flooding,Houseowners Combined,52636.13,PULA,2025-02-19,2025,26.8,853.1,-2.0746970907783893,2.267876005967521,-1.671286548372955
1474.0,2025 Feb flooding,Houseowners Combined,10174.0,PULA,2025-02-19,2025,27.1,539.4,-1.70506714931787,0.48011032296432277,-0.5925887361410964
1475.0,2025 Feb flooding,Houseowners Combined,350000.0,PULA,2025-02-19,2025,28.6,301.5,0.14308255798472239,-0.8756737254464544,1.0093781417155885
1476.0,2025 Feb flooding,Houseowners Combined,44382.0,PULA,2025-02-19,2025,28.0,509.4,-0.5961773249363164,0.3091413382971377,0.047340668383272944
1478.0,2025 Feb flooding,Houseowners Combined,29240.0,PULA,2025-02-19,2025,27.6,731.1,-1.0890172468836725,1.5726021349876353,-0.8308096909356539
1479.0,2025 Feb flooding,Houseowners Combined,6600.0,PULA,2025-02-19,2025,28.6,540.7,0.14308255798472239,0.4875189789665678,0.32778178950907727
1480.0,2025 Feb flooding,Houseowners Combined,250669.74,PULA,2025-02-19,2025,29.2,454.7,0.8823424409057568,-0.002592110412696265,0.9424672756592265
1481.0,2025 Feb flooding,Houseowners Combined,42240.82,PULA,2025-02-19,2025,29.9,414.7,1.7448123043136323,-0.23055075663560964,1.487681530474621
1482.0,2025 Feb flooding,Houseowners Combined,25707.0,PULA,2025-02-19,2025,26.8,853.1,-2.0746970907783893,2.267876005967521,-1.671286548372955
1484.0,2025 Feb flooding,Houseowners Combined,63806.53,PULA,2025-02-19,2025,28.2,660.4,-0.34975736396263823,1.1696852277886356,-0.2597212958756369
1485.0,2025 Feb flooding,Houseowners Combined,14755.94,PULA,2025-02-19,2025,27.4,810.4,-1.335437207857355,2.024530151124561,-1.179983679490958
1486.0,2025 Feb flooding,Houseowners Combined,52865.37,PULA,2025-02-19,2025,28.1,475.6,-0.4729673444494751,0.11651628223877616,0.20525818665587436
1487.0,2025 Feb flooding,Houseowners Combined,52140.84,PULA,2025-02-20,2025,28.0,509.4,-0.5961773249363164,0.3091413382971377,0.047340668383272944
1488.0,2025 Feb flooding,Houseowners Combined,27933.0,PULA,2025-02-20,2025,27.6,731.1,-1.0890172468836725,1.5726021349876353,-0.8308096909356539
1489.0,2025 Feb flooding,Houseowners Combined,97145.0,PULA,2025-02-19,2025,28.2,660.4,-0.34975736396263823,1.1696852277886356,-0.2597212958756369
1490.0,2025 Feb flooding,Houseowners Combined,6288.54,PULA,2025-02-20,2025,26.8,853.1,-2.0746970907783893,2.267876005967521,-1.671286548372955
1491.0,2025 Feb flooding,Houseowners Combined,4675.09,PULA,2025-02-19,2025,29.8,338.7,1.6216023238267956,-0.663672184459145,1.6426372541429703
1492.0,2025 Feb flooding,Houseowners Combined,30249.8,PULA,2025-02-19,2025,28.7,262.0,0.26629253847155926,-1.1007828885915814,1.1835377135315703
1494.0,2025 Feb flooding,Houseowners Combined,6462.12,PULA,2025-02-19,2025,29.1,180.3,0.7591324604189199,-1.566388423501882,1.662760441960401
1495.0,2025 Feb flooding,Houseowners Combined,9500.0,PULA,2025-02-19,2025,28.1,284.1,-0.4729673444494751,-0.9748357365534216,0.7509341960519732
1497.0,2025 Feb flooding,Houseowners Combined,94433.8,PULA,2025-02-19,2025,28.6,366.7,0.14308255798472239,-0.5041011321031057,0.823591845043914
1498.0,2025 Feb flooding,Private Motor,66566.64,PULA,2025-02-19,2025,29.3,361.4,1.005552421392598,-0.5343056527276417,1.2699290370601197
1499.0,2025 Feb flooding,Houseowners Combined,15454.96,PULA,2025-02-19,2025,28.2,660.4,-0.34975736396263823,1.1696852277886356,-0.2597212958756369
1500.0,2025 Feb flooding,Houseowners Combined,5367.0,PULA,2025-02-19,2025,28.6,540.7,0.14308255798472239,0.4875189789665678,0.32778178950907727
1501.0,2025 Feb flooding,Assets All Risks,350000.0,PULA,2025-02-19,2025,29.1,544.5,0.7591324604189199,0.5091750503577444,0.6249787050305877
1502.0,2025 Feb flooding,Houseowners Combined,8585.61,PULA,2025-02-20,2025,28.2,336.8,-0.34975736396263823,-0.6745002201547333,0.6623714280960475
1503.0,2025 Feb flooding,Houseowners Combined,48646.95,PULA,2025-02-19,2025,28.8,303.9,0.3895025189584005,-0.8619962066730797,1.12574936281574
1504.0,2025 Feb flooding,Houseowners Combined,350000.0,PULA,2025-02-19,2025,28.1,284.1,-0.4729673444494751,-0.9748357365534216,0.7509341960519732
1505.0,2025 Feb flooding,Houseowners Combined,71468.53,PULA,2025-02-19,2025,28.1,284.1,-0.4729673444494751,-0.9748357365534216,0.7509341960519732
1506.0,2025 Feb flooding,Houseowners Combined,11586.0,PULA,2025-02-19,2025,29.1,357.3,0.7591324604189199,-0.5576714139654902,1.1584019371922052
1507.0,2025 Feb flooding,Houseowners Combined,60296.31,PULA,2025-02-19,2025,29.1,357.3,0.7591324604189199,-0.5576714139654902,1.1584019371922052
1508.0,2025 Feb flooding,Houseowners Combined,28650.0,PULA,2025-02-19,2025,28.6,301.5,0.14308255798472239,-0.8756737254464544,1.0093781417155885
1509.0,2025 Feb flooding,Houseowners Combined,350000.0,PULA,2025-02-20,2025,28.6,540.7,0.14308255798472239,0.4875189789665678,0.32778178950907727
1510.0,2025 Feb flooding,Houseowners Combined,13050.0,PULA,2025-02-19,2025,28.6,540.7,0.14308255798472239,0.4875189789665678,0.32778178950907727
1511.0,2025 Feb flooding,Houseowners Combined,13479.83,PULA,2025-02-19,2025,28.1,475.6,-0.4729673444494751,0.11651628223877616,0.20525818665587436
1512.0,2025 Feb flooding,Houseowners Combined,12410.0,PULA,2025-02-19,2025,29.9,284.0,1.7448123043136323,-0.975405633168979,1.8601089687413057
1513.0,2025 Feb flooding,Houseowners Combined,350000.0,PULA,2025-02-19,2025,29.9,414.7,1.7448123043136323,-0.23055075663560964,1.487681530474621
1514.0,2025 Feb flooding,Houseowners Combined,56718.69,PULA,2025-02-19,2025,28.1,284.1,-0.4729673444494751,-0.9748357365534216,0.7509341960519732
1515.0,2025 Feb flooding,Houseowners Combined,350000.0,PULA,2025-02-19,2025,29.1,544.5,0.7591324604189199,0.5091750503577444,0.6249787050305877
1516.0,2025 Feb flooding,Houseowners Combined,158067.72,PULA,2025-02-19,2025,26.8,853.1,-2.0746970907783893,2.267876005967521,-1.671286548372955
1517.0,2025 Feb flooding,Houseowners Combined,95366.1,PULA,2025-02-19,2025,28.6,540.7,0.14308255798472239,0.4875189789665678,0.32778178950907727
1518.0,2025 Feb flooding,Houseowners Combined,22680.0,PULA,2025-02-19,2025,28.3,488.7,-0.22654738347579698,0.1911727388767801,0.2911399388237115
1519.0,2025 Feb flooding,Houseowners Combined,11596.81,PULA,2025-02-19,2025,28.3,488.7,-0.22654738347579698,0.1911727388767801,0.2911399388237115
1520.0,2025 Feb flooding,Houseowners Combined,3180.0,PULA,2025-02-19,2025,29.1,544.5,0.7591324604189199,0.5091750503577444,0.6249787050305877
1521.0,2025 Feb flooding,Houseowners Combined,450000.0,PULA,2025-02-19,2025,29.8,338.7,1.6216023238267956,-0.663672184459145,1.6426372541429703
1522.0,2025 Feb flooding,Houseowners Combined,13585.0,PULA,2025-02-19,2025,28.6,540.7,0.14308255798472239,0.4875189789665678,0.32778178950907727
1523.0,2025 Feb flooding,Houseowners Combined,64054.0,PULA,2025-02-19,2025,29.1,544.5,0.7591324604189199,0.5091750503577444,0.6249787050305877
1524.0,2025 Feb flooding,Houseowners Combined,62739.69,PULA,2025-02-19,2025,28.6,301.5,0.14308255798472239,-0.8756737254464544,1.0093781417155885
1525.0,2025 Feb flooding,Houseowners Combined,22106.88,PULA,2025-02-19,2025,28.2,660.4,-0.34975736396263823,1.1696852277886356,-0.2597212958756369
1526.0,2025 Feb flooding,Assets All Risks,2002745.94,PULA,2025-02-19,2025,27.8,639.6,-0.8425972859099945,1.051146731752721,-0.44687200883135775
1527.0,2025 Feb flooding,Houseowners Combined,11018.82,PULA,2025-02-19,2025,27.9,636.8,-0.7193873054231575,1.0351896265171168,-0.37728846597013715
1528.0,2025 Feb flooding,"House Contents , Al Risks and Electronic Equipment",3698.57,PULA,2025-02-19,2025,26.8,853.1,-2.0746970907783893,2.267876005967521,-1.671286548372955
1529.0,2025 Feb flooding,Houseowners Combined,35206.98,PULA,2025-02-19,2025,28.8,303.9,0.3895025189584005,-0.8619962066730797,1.12574936281574
1530.0,2025 Feb flooding,Houseowners Combined,27626.03,PULA,2025-02-19,2025,27.8,567.0,-0.8425972859099945,0.6374017888581331,-0.23999953738406382
1532.0,2025 Feb flooding,Houseowners Combined,2250.0,PULA,2025-02-19,2025,29.8,338.7,1.6216023238267956,-0.663672184459145,1.6426372541429703
1533.0,2025 Feb flooding,Houseowners Combined,450000.0,PULA,2025-02-19,2025,27.8,639.6,-0.8425972859099945,1.051146731752721,-0.44687200883135775
1534.0,2025 Feb flooding,Houseowners Combined,25565.0,PULA,2025-02-20,2025,28.6,540.7,0.14308255798472239,0.4875189789665678,0.32778178950907727
1535.0,2025 Feb flooding,Houseowners Combined,17983.49,PULA,2025-02-19,2025,29.2,454.7,0.8823424409057568,-0.002592110412696265,0.9424672756592265
1536.0,2025 Feb flooding,Houseowners Combined,20517.3,PULA,2025-02-19,2025,28.3,488.7,-0.22654738347579698,0.1911727388767801,0.2911399388237115
1537.0,2025 Feb flooding,Houseowners Combined,28170.23,PULA,2025-02-20,2025,28.7,262.0,0.26629253847155926,-1.1007828885915814,1.1835377135315703
1538.0,2025 Feb flooding,Houseowners Combined,17436.0,PULA,2025-02-20,2025,29.3,361.4,1.005552421392598,-0.5343056527276417,1.2699290370601197
1539.0,2025 Feb flooding,Houseowners Combined,111765.6,PULA,2025-02-20,2025,29.1,357.3,0.7591324604189199,-0.5576714139654902,1.1584019371922052
1540.0,2025 Feb flooding,Houseowners Combined,22972.29,PULA,2025-02-19,2025,28.2,488.3,-0.34975736396263823,0.1888931524145511,0.23067474181140535
1541.0,2025 Feb flooding,Houseowners Combined,9029.25,PULA,2025-02-19,2025,27.4,810.4,-1.335437207857355,2.024530151124561,-1.179983679490958
1542.0,2025 Feb flooding,Houseowners Combined,3995.0,PULA,2025-02-21,2025,29.8,338.7,1.6216023238267956,-0.663672184459145,1.6426372541429703
1543.0,2025 Feb flooding,Houseowners Combined,450000.0,PULA,2025-02-19,2025,29.1,180.3,0.7591324604189199,-1.566388423501882,1.662760441960401
1544.0,2025 Feb flooding,Houseowners Combined,167210.0,PULA,2025-02-21,2025,28.2,488.3,-0.34975736396263823,0.1888931524145511,0.23067474181140535
1545.0,2025 Feb flooding,Houseowners Combined,38171.0,PULA,2025-02-20,2025,27.8,639.6,-0.8425972859099945,1.051146731752721,-0.44687200883135775
1546.0,2025 Feb flooding,Houseowners Combined,10762.0,PULA,2025-02-19,2025,28.6,301.5,0.14308255798472239,-0.8756737254464544,1.0093781417155885
1547.0,2025 Feb flooding,Houseowners Combined,27442.8,PULA,2025-02-20,2025,27.1,539.4,-1.70506714931787,0.48011032296432277,-0.5925887361410964
1548.0,2025 Feb flooding,Houseowners Combined,215125.5,PULA,2025-02-20,2025,28.6,540.7,0.14308255798472239,0.4875189789665678,0.32778178950907727
1549.0,2025 Feb flooding,Houseowners Combined,43182.24,PULA,2025-02-19,2025,27.1,539.4,-1.70506714931787,0.48011032296432277,-0.5925887361410964
1550.0,2025 Feb flooding,Houseowners Combined,195172.56,PULA,2025-02-19,2025,29.9,284.0,1.7448123043136323,-0.975405633168979,1.8601089687413057
1552.0,2025 Feb flooding,Houseowners Combined,57947.01,PULA,2025-02-19,2025,28.6,301.5,0.14308255798472239,-0.8756737254464544,1.0093781417155885
1553.0,2025 Feb flooding,Houseowners Combined,59851.6,PULA,2025-02-19,2025,29.1,357.3,0.7591324604189199,-0.5576714139654902,1.1584019371922052
1555.0,2025 Feb flooding,Houseowners Combined,5536.94,PULA,2025-02-19,2025,28.6,540.7,0.14308255798472239,0.4875189789665678,0.32778178950907727
1556.0,2025 Feb flooding,"House Contents , Al Risks and Electronic Equipment",450000.0,PULA,2025-02-19,2025,26.8,853.1,-2.0746970907783893,2.267876005967521,-1.671286548372955
1557.0,2025 Feb flooding,Houseowners Combined,450000.0,PULA,2025-02-19,2025,28.6,366.7,0.14308255798472239,-0.5041011321031057,0.823591845043914
1558.0,2025 Feb flooding,Houseowners Combined,450000.0,PULA,2025-02-19,2025,27.9,636.8,-0.7193873054231575,1.0351896265171168,-0.37728846597013715
1559.0,2025 Feb flooding,Houseowners Combined,37707.45,PULA,2025-02-19,2025,27.1,539.4,-1.70506714931787,0.48011032296432277,-0.5925887361410964
1560.0,2025 Feb flooding,Houseowners Combined,86559.65,PULA,2025-02-19,2025,29.2,454.7,0.8823424409057568,-0.002592110412696265,0.9424672756592265
1561.0,2025 Feb flooding,Houseowners Combined,450000.0,PULA,2025-02-19,2025,27.1,539.4,-1.70506714931787,0.48011032296432277,-0.5925887361410964
1562.0,2025 Feb flooding,Houseowners Combined,48101.95,PULA,2025-02-19,2025,28.2,488.3,-0.34975736396263823,0.1888931524145511,0.23067474181140535
1563.0,2025 Feb flooding,Houseowners Combined,33398.55,PULA,2025-02-19,2025,27.1,539.4,-1.70506714931787,0.48011032296432277,-0.5925887361410964
1564.0,2025 Feb flooding,Houseowners Combined,18287.06,PULA,2025-02-19,2025,29.8,338.7,1.6216023238267956,-0.663672184459145,1.6426372541429703
1565.0,2025 Feb flooding,Houseowners Combined,7057.12,PULA,2025-02-19,2025,27.1,539.4,-1.70506714931787,0.48011032296432277,-0.5925887361410964
1566.0,2025 Feb flooding,Houseowners Combined,19907.98,PULA,2025-02-21,2025,28.6,366.7,0.14308255798472239,-0.5041011321031057,0.823591845043914
1567.0,2025 Feb flooding,Houseowners Combined,10728.54,PULA,2025-02-19,2025,28.6,366.7,0.14308255798472239,-0.5041011321031057,0.823591845043914
1568.0,2025 Feb flooding,Private Motor,56909.5,PULA,2025-02-19,2025,28.1,284.1,-0.4729673444494751,-0.9748357365534216,0.7509341960519732
1569.0,2025 Feb flooding,Houseowners Combined,41423.0,PULA,2025-02-19,2025,29.1,180.3,0.7591324604189199,-1.566388423501882,1.662760441960401
1570.0,2025 Feb flooding,Houseowners Combined,450000.0,PULA,2025-02-19,2025,29.9,414.7,1.7448123043136323,-0.23055075663560964,1.487681530474621
1571.0,2025 Feb flooding,Houseowners Combined,3294.6,PULA,2025-02-19,2025,29.2,454.7,0.8823424409057568,-0.002592110412696265,0.9424672756592265
1572.0,2025 Feb flooding,Houseowners Combined,450000.0,PULA,2025-02-19,2025,28.3,488.7,-0.22654738347579698,0.1911727388767801,0.2911399388237115
1573.0,2025 Feb flooding,Houseowners Combined,1935738.57,PULA,2025-02-19,2025,28.3,488.7,-0.22654738347579698,0.1911727388767801,0.2911399388237115
1574.0,2025 Feb flooding,Houseowners Combined,24704.95,PULA,2025-02-19,2025,28.7,262.0,0.26629253847155926,-1.1007828885915814,1.1835377135315703
1575.0,2025 Feb flooding,Houseowners Combined,450000.0,PULA,2025-02-19,2025,28.6,540.7,0.14308255798472239,0.4875189789665678,0.32778178950907727
1576.0,2025 Feb flooding,Houseowners Combined,85690.83,PULA,2025-02-19,2025,28.6,366.7,0.14308255798472239,-0.5041011321031057,0.823591845043914
1577.0,2025 Feb flooding,Houseowners Combined,450000.0,PULA,2025-02-19,2025,28.2,336.8,-0.34975736396263823,-0.6745002201547333,0.6623714280960475
1578.0,2025 Feb flooding,Private Motor,46333.13,PULA,2025-02-19,2025,29.1,357.3,0.7591324604189199,-0.5576714139654902,1.1584019371922052
1579.0,2025 Feb flooding,Houseowners Combined,450000.0,PULA,2025-02-19,2025,29.9,284.0,1.7448123043136323,-0.975405633168979,1.8601089687413057
1581.0,2025 Feb flooding,Houseowners Combined,87619.26,PULA,2025-02-19,2025,28.8,303.9,0.3895025189584005,-0.8619962066730797,1.12574936281574
1582.0,2025 Feb flooding,Houseowners Combined,5200.0,PULA,2025-02-19,2025,29.9,414.7,1.7448123043136323,-0.23055075663560964,1.487681530474621
1583.0,2025 Feb flooding,SURE - MOTOR SCHEME,167026.81,PULA,2025-02-19,2025,27.6,731.1,-1.0890172468836725,1.5726021349876353,-0.8308096909356539
1584.0,2025 Feb flooding,Houseowners Combined,17300.0,PULA,2025-02-19,2025,29.9,414.7,1.7448123043136323,-0.23055075663560964,1.487681530474621
1585.0,2025 Feb flooding,Houseowners Combined,159814.0,PULA,2025-02-19,2025,28.1,475.6,-0.4729673444494751,0.11651628223877616,0.20525818665587436
1586.0,2025 Feb flooding,Houseowners Combined,248329.06,PULA,2025-02-19,2025,28.2,488.3,-0.34975736396263823,0.1888931524145511,0.23067474181140535
1587.0,2025 Feb flooding,Houseowners Combined,39660.5,PULA,2025-02-19,2025,29.8,338.7,1.6216023238267956,-0.663672184459145,1.6426372541429703
1589.0,2025 Feb flooding,Houseowners Combined,450000.0,PULA,2025-02-19,2025,27.1,539.4,-1.70506714931787,0.48011032296432277,-0.5925887361410964
1590.0,2025 Feb flooding,Houseowners Combined,450000.0,PULA,2025-02-19,2025,29.8,267.9,1.6216023238267956,-1.0671589882737018,1.844380656050249
1591.0,2025 Feb flooding,Houseowners Combined,58698.45,PULA,2025-02-19,2025,28.8,303.9,0.3895025189584005,-0.8619962066730797,1.12574936281574
1592.0,2025 Feb flooding,Houseowners Combined,13816.0,PULA,2025-02-21,2025,28.2,488.3,-0.34975736396263823,0.1888931524145511,0.23067474181140535
1593.0,2025 Feb flooding,Houseowners Combined,190192.33,PULA,2025-02-19,2025,29.2,454.7,0.8823424409057568,-0.002592110412696265,0.9424672756592265
1594.0,2025 Feb flooding,Houseowners Combined,11393.75,PULA,2025-02-19,2025,28.6,301.5,0.14308255798472239,-0.8756737254464544,1.0093781417155885
1595.0,2025 Feb flooding,Houseowners Combined,450000.0,PULA,2025-02-19,2025,28.6,366.7,0.14308255798472239,-0.5041011321031057,0.823591845043914
1596.0,2025 Feb flooding,Houseowners Combined,450000.0,PULA,2025-02-19,2025,28.8,303.9,0.3895025189584005,-0.8619962066730797,1.12574936281574
1598.0,2025 Feb flooding,Houseowners Combined,25951.0,PULA,2025-02-19,2025,29.1,180.3,0.7591324604189199,-1.566388423501882,1.662760441960401
1599.0,2025 Feb flooding,Houseowners Combined,30822.31,PULA,2025-02-21,2025,28.1,475.6,-0.4729673444494751,0.11651628223877616,0.20525818665587436
1600.0,2025 Feb flooding,Houseowners Combined,44218.0,PULA,2025-02-19,2025,29.8,267.9,1.6216023238267956,-1.0671589882737018,1.844380656050249
1602.0,2025 Feb flooding,Houseowners Combined,38652.21,PULA,2025-02-19,2025,28.1,600.1,-0.4729673444494751,0.826037568607594,-0.14950245652853456
1603.0,2025 Feb flooding,Houseowners Combined,19970.6,PULA,2025-02-19,2025,28.1,600.1,-0.4729673444494751,0.826037568607594,-0.14950245652853456
1605.0,2025 Feb flooding,Houseowners Combined,450000.0,PULA,2025-02-19,2025,28.3,488.7,-0.22654738347579698,0.1911727388767801,0.2911399388237115
1606.0,2025 Feb flooding,Houseowners Combined,123922.35,PULA,2025-02-19,2025,27.8,639.6,-0.8425972859099945,1.051146731752721,-0.44687200883135775
1608.0,2025 Feb flooding,Houseowners Combined,14839.0,PULA,2025-02-19,2025,28.1,284.1,-0.4729673444494751,-0.9748357365534216,0.7509341960519732
1609.0,2025 Feb flooding,Houseowners Combined,43257.5,PULA,2025-02-19,2025,29.8,338.7,1.6216023238267956,-0.663672184459145,1.6426372541429703
1610.0,2025 Feb flooding,Houseowners Combined,10642.2,PULA,2025-02-19,2025,28.8,303.9,0.3895025189584005,-0.8619962066730797,1.12574936281574
1612.0,2025 Feb flooding,Houseowners Combined,53857.5,PULA,2025-02-19,2025,28.1,600.1,-0.4729673444494751,0.826037568607594,-0.14950245652853456
1613.0,2025 Feb flooding,Houseowners Combined,390229.25,PULA,2025-02-20,2025,28.0,509.4,-0.5961773249363164,0.3091413382971377,0.047340668383272944
1614.0,2025 Feb flooding,Houseowners Combined,75824.52,PULA,2025-02-19,2025,27.9,636.8,-0.7193873054231575,1.0351896265171168,-0.37728846597013715
1619.0,2025 Feb flooding,Houseowners Combined,7157.0,PULA,2025-02-19,2025,28.6,301.5,0.14308255798472239,-0.8756737254464544,1.0093781417155885
1621.0,2025 Feb flooding,Houseowners Combined,5480.8,PULA,2025-02-20,2025,28.1,284.1,-0.4729673444494751,-0.9748357365534216,0.7509341960519732
1623.0,2025 Feb flooding,Houseowners Combined,28114.0,PULA,2025-02-19,2025,29.8,338.7,1.6216023238267956,-0.663672184459145,1.6426372541429703
1624.0,2025 Feb flooding,Houseowners Combined,450000.0,PULA,2025-02-19,2025,27.6,731.1,-1.0890172468836725,1.5726021349876353,-0.8308096909356539
1625.0,2025 Feb flooding,Houseowners Combined,9999.0,PULA,2025-02-19,2025,28.7,262.0,0.26629253847155926,-1.1007828885915814,1.1835377135315703
1627.0,2025 Feb flooding,Houseowners Combined,23111.95,PULA,2025-02-19,2025,29.9,284.0,1.7448123043136323,-0.975405633168979,1.8601089687413057
1628.0,2025 Feb flooding,Houseowners Combined,15440.0,PULA,2025-02-19,2025,27.9,636.8,-0.7193873054231575,1.0351896265171168,-0.37728846597013715
1629.0,2025 Feb flooding,Houseowners Combined,18900.0,PULA,2025-02-19,2025,29.8,267.9,1.6216023238267956,-1.0671589882737018,1.844380656050249
1630.0,2025 Feb flooding,Houseowners Combined,11068.0,PULA,2025-02-20,2025,28.7,262.0,0.26629253847155926,-1.1007828885915814,1.1835377135315703
1631.0,2025 Feb flooding,Houseowners Combined,18175.0,PULA,2025-02-19,2025,28.6,301.5,0.14308255798472239,-0.8756737254464544,1.0093781417155885
1634.0,2025 Feb flooding,Houseowners Combined,20694.2,PULA,2025-02-19,2025,26.8,853.1,-2.0746970907783893,2.267876005967521,-1.671286548372955
1635.0,2025 Feb flooding,Houseowners Combined,9822.67,PULA,2025-02-19,2025,28.6,301.5,0.14308255798472239,-0.8756737254464544,1.0093781417155885
1636.0,2025 Feb flooding,Houseowners Combined,450000.0,PULA,2025-02-19,2025,27.8,639.6,-0.8425972859099945,1.051146731752721,-0.44687200883135775
1637.0,2025 Feb flooding,Houseowners Combined,17433.25,PULA,2025-02-19,2025,28.3,488.7,-0.22654738347579698,0.1911727388767801,0.2911399388237115
1638.0,2025 Feb flooding,Houseowners Combined,36189.0,PULA,2025-02-20,2025,27.8,567.0,-0.8425972859099945,0.6374017888581331,-0.23999953738406382
1639.0,2025 Feb flooding,Houseowners Combined,33738.55,PULA,2025-02-20,2025,26.8,853.1,-2.0746970907783893,2.267876005967521,-1.671286548372955
1640.0,2025 Feb flooding,Houseowners Combined,33045.0,PULA,2025-02-19,2025,27.8,300.9,-0.8425972859099945,-0.8790931051397982,0.518247909614902
1641.0,2025 Feb flooding,Houseowners Combined,3150.0,PULA,2025-02-19,2025,27.8,567.0,-0.8425972859099945,0.6374017888581331,-0.23999953738406382
1643.0,2025 Feb flooding,Houseowners Combined,35710.4,PULA,2025-02-20,2025,28.3,488.7,-0.22654738347579698,0.1911727388767801,0.2911399388237115
1644.0,2025 Feb flooding,Houseowners Combined,8813.4,PULA,2025-02-19,2025,28.1,475.6,-0.4729673444494751,0.11651628223877616,0.20525818665587436
1645.0,2025 Feb flooding,Houseowners Combined,450000.0,PULA,2025-02-19,2025,28.1,284.1,-0.4729673444494751,-0.9748357365534216,0.7509341960519732
1646.0,2025 Feb flooding,Houseowners Combined,127677.3,PULA,2025-02-20,2025,29.1,544.5,0.7591324604189199,0.5091750503577444,0.6249787050305877
1648.0,2025 Feb flooding,Houseowners Combined,450000.0,PULA,2025-02-19,2025,29.1,544.5,0.7591324604189199,0.5091750503577444,0.6249787050305877
1649.0,2025 Feb flooding,Houseowners Combined,73986.25,PULA,2025-02-19,2025,27.8,300.9,-0.8425972859099945,-0.8790931051397982,0.518247909614902
1650.0,2025 Feb flooding,Houseowners Combined,45914.67,PULA,2025-02-19,2025,29.9,414.7,1.7448123043136323,-0.23055075663560964,1.487681530474621
1651.0,2025 Feb flooding,Houseowners Combined,450000.0,PULA,2025-02-19,2025,29.8,267.9,1.6216023238267956,-1.0671589882737018,1.844380656050249
1652.0,2025 Feb flooding,Houseowners Combined,50350.0,PULA,2025-02-20,2025,28.6,540.7,0.14308255798472239,0.4875189789665678,0.32778178950907727
1653.0,2025 Feb flooding,Houseowners Combined,19506.0,PULA,2025-02-19,2025,29.3,361.4,1.005552421392598,-0.5343056527276417,1.2699290370601197
1654.0,2025 Feb flooding,Houseowners Combined,30677.0,PULA,2025-02-19,2025,27.9,636.8,-0.7193873054231575,1.0351896265171168,-0.37728846597013715
1655.0,2025 Feb flooding,Houseowners Combined,21598.6,PULA,2025-02-19,2025,26.8,853.1,-2.0746970907783893,2.267876005967521,-1.671286548372955
1656.0,2025 Feb flooding,Houseowners Combined,450000.0,PULA,2025-02-19,2025,28.1,284.1,-0.4729673444494751,-0.9748357365534216,0.7509341960519732
1659.0,2025 Feb flooding,Houseowners Combined,25372.55,PULA,2025-02-19,2025,28.1,600.1,-0.4729673444494751,0.826037568607594,-0.14950245652853456
1660.0,2025 Feb flooding,Houseowners Combined,23421.8,PULA,2025-02-19,2025,29.9,284.0,1.7448123043136323,-0.975405633168979,1.8601089687413057
1662.0,2025 Feb flooding,Houseowners Combined,450000.0,PULA,2025-02-19,2025,28.1,600.1,-0.4729673444494751,0.826037568607594,-0.14950245652853456
1663.0,2025 Feb flooding,Houseowners Combined,1904.36,PULA,2025-02-19,2025,29.1,544.5,0.7591324604189199,0.5091750503577444,0.6249787050305877
1665.0,2025 Feb flooding,Houseowners Combined,197176.16,PULA,2025-02-19,2025,28.6,301.5,0.14308255798472239,-0.8756737254464544,1.0093781417155885
1666.0,2025 Feb flooding,Houseowners Combined,10100.0,PULA,2025-02-19,2025,28.1,284.1,-0.4729673444494751,-0.9748357365534216,0.7509341960519732
1667.0,2025 Feb flooding,Houseowners Combined,450000.0,PULA,2025-02-19,2025,27.1,539.4,-1.70506714931787,0.48011032296432277,-0.5925887361410964
1668.0,2025 Feb flooding,Houseowners Combined,27940.43,PULA,2025-02-19,2025,28.6,366.7,0.14308255798472239,-0.5041011321031057,0.823591845043914
1670.0,2025 Feb flooding,Houseowners Combined,9950.5,PULA,2025-02-19,2025,28.3,488.7,-0.22654738347579698,0.1911727388767801,0.2911399388237115
1671.0,2025 Feb flooding,Houseowners Combined,8404.24,PULA,2025-02-19,2025,28.1,600.1,-0.4729673444494751,0.826037568607594,-0.14950245652853456
1672.0,2025 Feb flooding,Houseowners Combined,2109.29,PULA,2025-02-19,2025,28.6,540.7,0.14308255798472239,0.4875189789665678,0.32778178950907727
1673.0,2025 Feb flooding,Houseowners Combined,8282.0,PULA,2025-02-19,2025,29.1,357.3,0.7591324604189199,-0.5576714139654902,1.1584019371922052
1674.0,2025 Feb flooding,Houseowners Combined,57636.0,PULA,2025-02-20,2025,29.2,454.7,0.8823424409057568,-0.002592110412696265,0.9424672756592265
1677.0,2025 Feb flooding,Houseowners Combined,68610.0,PULA,2025-02-20,2025,29.2,454.7,0.8823424409057568,-0.002592110412696265,0.9424672756592265
1678.0,2025 Feb flooding,Houseowners Combined,6728.29,PULA,2025-02-19,2025,29.8,338.7,1.6216023238267956,-0.663672184459145,1.6426372541429703
1679.0,2025 Feb flooding,Houseowners Combined,36034.19,PULA,2025-02-20,2025,29.9,414.7,1.7448123043136323,-0.23055075663560964,1.487681530474621
1680.0,2025 Feb flooding,Houseowners Combined,450000.0,PULA,2025-02-20,2025,27.8,639.6,-0.8425972859099945,1.051146731752721,-0.44687200883135775
1681.0,2025 Feb flooding,Houseowners Combined,19764.1,PULA,2025-02-19,2025,27.8,639.6,-0.8425972859099945,1.051146731752721,-0.44687200883135775
1684.0,2025 Feb flooding,Houseowners Combined,450000.0,PULA,2025-02-19,2025,27.9,636.8,-0.7193873054231575,1.0351896265171168,-0.37728846597013715
1686.0,2025 Feb flooding,Houseowners Combined,56860.0,PULA,2025-02-19,2025,28.7,262.0,0.26629253847155926,-1.1007828885915814,1.1835377135315703
1688.0,2025 Feb flooding,Houseowners Combined,30812.39,PULA,2025-02-19,2025,28.1,600.1,-0.4729673444494751,0.826037568607594,-0.14950245652853456
1689.0,2025 Feb flooding,Houseowners Combined,22510.0,PULA,2025-02-20,2025,28.1,600.1,-0.4729673444494751,0.826037568607594,-0.14950245652853456
1690.0,2025 Feb flooding,Houseowners Combined,30888.15,PULA,2025-02-20,2025,27.9,636.8,-0.7193873054231575,1.0351896265171168,-0.37728846597013715
1691.0,2025 Feb flooding,Houseowners Combined,21540.0,PULA,2025-02-19,2025,28.6,301.5,0.14308255798472239,-0.8756737254464544,1.0093781417155885
1692.0,2025 Feb flooding,Houseowners Combined,3500.0,PULA,2025-02-20,2025,28.2,488.3,-0.34975736396263823,0.1888931524145511,0.23067474181140535
1693.0,2025 Feb flooding,Houseowners Combined,68284.95,PULA,2025-02-19,2025,29.1,180.3,0.7591324604189199,-1.566388423501882,1.662760441960401
1695.0,2025 Feb flooding,Houseowners Combined,101645.0,PULA,2025-02-21,2025,28.2,488.3,-0.34975736396263823,0.1888931524145511,0.23067474181140535
1696.0,2025 Feb flooding,Houseowners Combined,15892.7,PULA,2025-02-20,2025,28.3,488.7,-0.22654738347579698,0.1911727388767801,0.2911399388237115
1697.0,2025 Feb flooding,Houseowners Combined,97767.01,PULA,2025-02-19,2025,28.2,488.3,-0.34975736396263823,0.1888931524145511,0.23067474181140535
1698.0,2025 Feb flooding,Houseowners Combined,15611.0,PULA,2025-02-19,2025,28.6,301.5,0.14308255798472239,-0.8756737254464544,1.0093781417155885
1699.0,2025 Feb flooding,Houseowners Combined,450000.0,PULA,2025-02-19,2025,28.1,475.6,-0.4729673444494751,0.11651628223877616,0.20525818665587436
1700.0,2025 Feb flooding,Houseowners Combined,32541.0,PULA,2025-02-20,2025,27.1,539.4,-1.70506714931787,0.48011032296432277,-0.5925887361410964
1701.0,2025 Feb flooding,Houseowners Combined,26570.2,PULA,2025-02-20,2025,27.8,567.0,-0.8425972859099945,0.6374017888581331,-0.23999953738406382
1702.0,2025 Feb flooding,Houseowners Combined,32496.0,PULA,2025-02-19,2025,27.6,731.1,-1.0890172468836725,1.5726021349876353,-0.8308096909356539
1703.0,2025 Feb flooding,Houseowners Combined,14802.96,PULA,2025-02-19,2025,28.8,303.9,0.3895025189584005,-0.8619962066730797,1.12574936281574
1704.0,2025 Feb flooding,Houseowners Combined,88967.4,PULA,2025-02-20,2025,27.8,567.0,-0.8425972859099945,0.6374017888581331,-0.23999953738406382
1705.0,2025 Feb flooding,Houseowners Combined,37677.21,PULA,2025-02-20,2025,28.6,301.5,0.14308255798472239,-0.8756737254464544,1.0093781417155885
1706.0,2025 Feb flooding,Houseowners Combined,34887.0,PULA,2025-02-20,2025,28.6,540.7,0.14308255798472239,0.4875189789665678,0.32778178950907727
1707.0,2025 Feb flooding,Houseowners Combined,500000.0,PULA,2025-02-19,2025,27.9,636.8,-0.7193873054231575,1.0351896265171168,-0.37728846597013715
1708.0,2025 Feb flooding,Houseowners Combined,10920.0,PULA,2025-02-19,2025,28.1,600.1,-0.4729673444494751,0.826037568607594,-0.14950245652853456
1709.0,2025 Feb flooding,Houseowners Combined,34961.0,PULA,2025-02-19,2025,28.6,540.7,0.14308255798472239,0.4875189789665678,0.32778178950907727
1711.0,2025 Feb flooding,Houseowners Combined,6465.25,PULA,2025-02-19,2025,29.1,544.5,0.7591324604189199,0.5091750503577444,0.6249787050305877
1712.0,2025 Feb flooding,Houseowners Combined,4805.1,PULA,2025-02-19,2025,27.9,636.8,-0.7193873054231575,1.0351896265171168,-0.37728846597013715
1714.0,2025 Feb flooding,Houseowners Combined,10819.0,PULA,2025-02-20,2025,29.1,544.5,0.7591324604189199,0.5091750503577444,0.6249787050305877
1715.0,2025 Feb flooding,Houseowners Combined,34623.0,PULA,2025-02-20,2025,28.0,509.4,-0.5961773249363164,0.3091413382971377,0.047340668383272944
1716.0,2025 Feb flooding,Houseowners Combined,15116.0,PULA,2025-02-20,2025,27.8,300.9,-0.8425972859099945,-0.8790931051397982,0.518247909614902
1717.0,2025 Feb flooding,Houseowners Combined,34422.5,PULA,2025-02-20,2025,29.1,209.8,0.7591324604189199,-1.3982689219124833,1.5787006911657016
1719.0,2025 Feb flooding,Houseowners Combined,39098.0,PULA,2025-02-20,2025,27.8,300.9,-0.8425972859099945,-0.8790931051397982,0.518247909614902
1720.0,2025 Feb flooding,Houseowners Combined,11805.84,PULA,2025-02-19,2025,28.6,366.7,0.14308255798472239,-0.5041011321031057,0.823591845043914
1721.0,2025 Feb flooding,Houseowners Combined,31642.9,PULA,2025-02-19,2025,29.1,180.3,0.7591324604189199,-1.566388423501882,1.662760441960401
1723.0,2025 Feb flooding,Houseowners Combined,33303.24,PULA,2025-02-19,2025,27.9,636.8,-0.7193873054231575,1.0351896265171168,-0.37728846597013715
1724.0,2025 Feb flooding,Houseowners Combined,59172.0,PULA,2025-02-19,2025,28.1,600.1,-0.4729673444494751,0.826037568607594,-0.14950245652853456
1725.0,2025 Feb flooding,Houseowners Combined,12191.82,PULA,2025-02-20,2025,28.0,509.4,-0.5961773249363164,0.3091413382971377,0.047340668383272944
1726.0,2025 Feb flooding,Houseowners Combined,19618.0,PULA,2025-02-19,2025,27.8,639.6,-0.8425972859099945,1.051146731752721,-0.44687200883135775
1727.0,2025 Feb flooding,Houseowners Combined,92864.5,PULA,2025-02-19,2025,27.6,731.1,-1.0890172468836725,1.5726021349876353,-0.8308096909356539
1728.0,2025 Feb flooding,Houseowners Combined,4537.2,PULA,2025-02-19,2025,28.3,488.7,-0.22654738347579698,0.1911727388767801,0.2911399388237115
1729.0,2025 Feb flooding,Houseowners Combined,2852.55,PULA,2025-02-20,2025,27.6,731.1,-1.0890172468836725,1.5726021349876353,-0.8308096909356539
1730.0,2025 Feb flooding,Houseowners Combined,26900.0,PULA,2025-02-19,2025,28.3,488.7,-0.22654738347579698,0.1911727388767801,0.2911399388237115
1731.0,2025 Feb flooding,Houseowners Combined,10933.0,PULA,2025-02-19,2025,29.1,209.8,0.7591324604189199,-1.3982689219124833,1.5787006911657016
1732.0,2025 Feb flooding,Houseowners Combined,48082.0,PULA,2025-02-19,2025,28.2,336.8,-0.34975736396263823,-0.6745002201547333,0.6623714280960475
1733.0,2025 Feb flooding,Houseowners Combined,9145.0,PULA,2025-02-19,2025,28.1,600.1,-0.4729673444494751,0.826037568607594,-0.14950245652853456
1734.0,2025 Feb flooding,Houseowners Combined,13335.0,PULA,2025-02-20,2025,28.6,301.5,0.14308255798472239,-0.8756737254464544,1.0093781417155885
1735.0,2025 Feb flooding,Houseowners Combined,5900.0,PULA,2025-02-20,2025,28.2,488.3,-0.34975736396263823,0.1888931524145511,0.23067474181140535
1736.0,2025 Feb flooding,Houseowners Combined,173690.4,PULA,2025-02-19,2025,27.8,567.0,-0.8425972859099945,0.6374017888581331,-0.23999953738406382
1737.0,2025 Feb flooding,Houseowners Combined,70390.84,PULA,2025-02-20,2025,26.8,853.1,-2.0746970907783893,2.267876005967521,-1.671286548372955
1738.0,2025 Feb flooding,Houseowners Combined,31932.0,PULA,2025-02-20,2025,27.9,636.8,-0.7193873054231575,1.0351896265171168,-0.37728846597013715
1739.0,2025 Feb flooding,Houseowners Combined,33489.0,PULA,2025-02-19,2025,27.1,539.4,-1.70506714931787,0.48011032296432277,-0.5925887361410964
1740.0,2025 Feb flooding,Houseowners Combined,35628.0,PULA,2025-02-19,2025,28.3,488.7,-0.22654738347579698,0.1911727388767801,0.2911399388237115
1741.0,2025 Feb flooding,Houseowners Combined,8963.0,PULA,2025-02-19,2025,28.1,600.1,-0.4729673444494751,0.826037568607594,-0.14950245652853456
1743.0,2025 Feb flooding,Houseowners Combined,5000.0,PULA,2025-02-19,2025,29.1,357.3,0.7591324604189199,-0.5576714139654902,1.1584019371922052
1744.0,2025 Feb flooding,Houseowners Combined,6480.0,PULA,2025-02-19,2025,29.8,338.7,1.6216023238267956,-0.663672184459145,1.6426372541429703
1745.0,2025 Feb flooding,Houseowners Combined,63078.0,PULA,2025-02-21,2025,28.7,262.0,0.26629253847155926,-1.1007828885915814,1.1835377135315703
1746.0,2025 Feb flooding,Houseowners Combined,13605.0,PULA,2025-02-19,2025,29.1,180.3,0.7591324604189199,-1.566388423501882,1.662760441960401
1747.0,2025 Feb flooding,Houseowners Combined,67083.0,PULA,2025-02-21,2025,29.9,414.7,1.7448123043136323,-0.23055075663560964,1.487681530474621
1748.0,2025 Feb flooding,Houseowners Combined,3000.0,PULA,2025-02-19,2025,29.1,180.3,0.7591324604189199,-1.566388423501882,1.662760441960401
1749.0,2025 Feb flooding,Houseowners Combined,2641.0,PULA,2025-02-20,2025,29.1,209.8,0.7591324604189199,-1.3982689219124833,1.5787006911657016
1750.0,2025 Feb flooding,Houseowners Combined,24980.0,PULA,2025-02-19,2025,28.6,540.7,0.14308255798472239,0.4875189789665678,0.32778178950907727
1751.0,2025 Feb flooding,Houseowners Combined,11558.0,PULA,2025-02-19,2025,28.8,303.9,0.3895025189584005,-0.8619962066730797,1.12574936281574
1752.0,2025 Feb flooding,Houseowners Combined,85972.0,PULA,2025-02-19,2025,28.8,303.9,0.3895025189584005,-0.8619962066730797,1.12574936281574
1753.0,2025 Feb flooding,Houseowners Combined,29800.0,PULA,2025-02-20,2025,28.2,660.4,-0.34975736396263823,1.1696852277886356,-0.2597212958756369
1754.0,2025 Feb flooding,Houseowners Combined,10994.6,PULA,2025-02-19,2025,28.7,262.0,0.26629253847155926,-1.1007828885915814,1.1835377135315703
1755.0,2025 Feb flooding,Houseowners Combined,17113.4,PULA,2025-02-19,2025,29.1,180.3,0.7591324604189199,-1.566388423501882,1.662760441960401
1756.0,2025 Feb flooding,Houseowners Combined,42856.0,PULA,2025-02-19,2025,27.8,567.0,-0.8425972859099945,0.6374017888581331,-0.23999953738406382
1758.0,2025 Feb flooding,Houseowners Combined,141711.68,PULA,2025-02-20,2025,29.8,338.7,1.6216023238267956,-0.663672184459145,1.6426372541429703
1759.0,2025 Feb flooding,Houseowners Combined,1653.26,PULA,2025-02-19,2025,29.8,338.7,1.6216023238267956,-0.663672184459145,1.6426372541429703
1760.0,2025 Feb flooding,Houseowners Combined,13959.16,PULA,2025-02-19,2025,28.6,366.7,0.14308255798472239,-0.5041011321031057,0.823591845043914
1761.0,2025 Feb flooding,Houseowners Combined,46822.0,PULA,2025-02-19,2025,28.2,336.8,-0.34975736396263823,-0.6745002201547333,0.6623714280960475
1762.0,2025 Feb flooding,Houseowners Combined,17025.01,PULA,2025-02-19,2025,28.6,540.7,0.14308255798472239,0.4875189789665678,0.32778178950907727
1763.0,2025 Feb flooding,Houseowners Combined,141221.0,PULA,2025-02-20,2025,28.3,488.7,-0.22654738347579698,0.1911727388767801,0.2911399388237115
1764.0,2025 Feb flooding,Houseowners Combined,21665.0,PULA,2025-02-19,2025,28.1,284.1,-0.4729673444494751,-0.9748357365534216,0.7509341960519732
1765.0,2025 Feb flooding,Houseowners Combined,17838.4,PULA,2025-02-19,2025,27.4,810.4,-1.335437207857355,2.024530151124561,-1.179983679490958
1768.0,2025 Feb flooding,Houseowners Combined,243609.35,PULA,2025-02-19,2025,28.3,488.7,-0.22654738347579698,0.1911727388767801,0.2911399388237115
1769.0,2025 Feb flooding,Houseowners Combined,187088.0,PULA,2025-02-19,2025,29.2,454.7,0.8823424409057568,-0.002592110412696265,0.9424672756592265
1770.0,2025 Feb flooding,Houseowners Combined,9228.55,PULA,2025-02-21,2025,28.1,284.1,-0.4729673444494751,-0.9748357365534216,0.7509341960519732
1771.0,2025 Feb flooding,Houseowners Combined,11868.0,PULA,2025-02-19,2025,28.0,509.4,-0.5961773249363164,0.3091413382971377,0.047340668383272944
1772.0,2025 Feb flooding,Houseowners Combined,30061.0,PULA,2025-02-19,2025,28.1,600.1,-0.4729673444494751,0.826037568607594,-0.14950245652853456
1773.0,2025 Feb flooding,Houseowners Combined,34547.4,PULA,2025-02-19,2025,28.7,262.0,0.26629253847155926,-1.1007828885915814,1.1835377135315703
1774.0,2025 Feb flooding,Houseowners Combined,22549.0,PULA,2025-02-19,2025,27.6,731.1,-1.0890172468836725,1.5726021349876353,-0.8308096909356539
1775.0,2025 Feb flooding,Houseowners Combined,25299.62,PULA,2025-02-19,2025,27.9,636.8,-0.7193873054231575,1.0351896265171168,-0.37728846597013715
1776.0,2025 Feb flooding,Houseowners Combined,13161.49,PULA,2025-02-20,2025,27.1,539.4,-1.70506714931787,0.48011032296432277,-0.5925887361410964
1777.0,2025 Feb flooding,Houseowners Combined,7979.05,PULA,2025-02-19,2025,27.1,539.4,-1.70506714931787,0.48011032296432277,-0.5925887361410964
1766.0,2025 Feb flooding,Fire Classes,9328.31,PULA,2025-02-19,2025,29.1,357.3,0.7591324604189199,-0.5576714139654902,1.1584019371922052
1767.0,2025 Feb flooding,Fire Classes,25000.0,PULA,2025-02-19,2025,28.1,284.1,-0.4729673444494751,-0.9748357365534216,0.7509341960519732
1757.0,2025 Feb flooding,Fire Classes,81985.03,PULA,2025-02-19,2025,28.6,540.7,0.14308255798472239,0.4875189789665678,0.32778178950907727
1722.0,2025 Feb flooding,Fire Classes,321153.0,PULA,2025-02-19,2025,28.0,509.4,-0.5961773249363164,0.3091413382971377,0.047340668383272944
1687.0,2025 Feb flooding,Fire Classes,5590.05,PULA,2025-02-19,2025,29.1,209.8,0.7591324604189199,-1.3982689219124833,1.5787006911657016
1251.0,2025 Feb flooding,Fire Classes,178974.12,PULA,2025-02-21,2025,28.2,336.8,-0.34975736396263823,-0.6745002201547333,0.6623714280960475
1270.0,2025 Feb flooding,Fire Classes,350000.0,PULA,2025-02-20,2025,28.8,303.9,0.3895025189584005,-0.8619962066730797,1.12574936281574
1274.0,2025 Feb flooding,Fire Classes,15358.16,PULA,2025-02-19,2025,27.9,636.8,-0.7193873054231575,1.0351896265171168,-0.37728846597013715
1282.0,2025 Feb flooding,Fire Classes,14207.26,PULA,2025-02-19,2025,28.1,284.1,-0.4729673444494751,-0.9748357365534216,0.7509341960519732
1288.0,2025 Feb flooding,Fire Classes,2484764.94,PULA,2025-02-19,2025,27.8,639.6,-0.8425972859099945,1.051146731752721,-0.44687200883135775
1291.0,2025 Feb flooding,Fire Classes,252000.58,PULA,2025-02-19,2025,29.2,454.7,0.8823424409057568,-0.002592110412696265,0.9424672756592265
1295.0,2025 Feb flooding,Fire Classes,1869743.49,PULA,2025-02-19,2025,28.2,488.3,-0.34975736396263823,0.1888931524145511,0.23067474181140535
1297.0,2025 Feb flooding,Fire Classes,20000.0,PULA,2025-02-19,2025,28.0,509.4,-0.5961773249363164,0.3091413382971377,0.047340668383272944
1298.0,2025 Feb flooding,Fire Classes,350000.0,PULA,2025-02-19,2025,27.1,539.4,-1.70506714931787,0.48011032296432277,-0.5925887361410964
1299.0,2025 Feb flooding,Fire Classes,4065471.99,PULA,2025-02-19,2025,29.1,209.8,0.7591324604189199,-1.3982689219124833,1.5787006911657016
1300.0,2025 Feb flooding,Fire Classes,60000.0,PULA,2025-02-19,2025,28.2,336.8,-0.34975736396263823,-0.6745002201547333,0.6623714280960475
1307.0,2025 Feb flooding,Fire Classes,147812.4,PULA,2025-02-19,2025,29.8,267.9,1.6216023238267956,-1.0671589882737018,1.844380656050249
1314.0,2025 Feb flooding,Fire Classes,350000.0,PULA,2025-02-19,2025,27.9,636.8,-0.7193873054231575,1.0351896265171168,-0.37728846597013715
1317.0,2025 Feb flooding,Fire Classes,146679.32,PULA,2025-02-19,2025,28.1,284.1,-0.4729673444494751,-0.9748357365534216,0.7509341960519732
1328.0,2025 Feb flooding,Fire Classes,350000.0,PULA,2025-02-19,2025,28.3,488.7,-0.22654738347579698,0.1911727388767801,0.2911399388237115
1329.0,2025 Feb flooding,Fire Classes,350000.0,PULA,2025-02-19,2025,28.6,301.5,0.14308255798472239,-0.8756737254464544,1.0093781417155885
1333.0,2025 Feb flooding,Fire Classes,4617.0,PULA,2025-02-19,2025,29.8,267.9,1.6216023238267956,-1.0671589882737018,1.844380656050249
1336.0,2025 Feb flooding,Fire Classes,388128.51,PULA,2025-02-19,2025,28.0,509.4,-0.5961773249363164,0.3091413382971377,0.047340668383272944
1347.0,2025 Feb flooding,Fire Classes,32403.4,PULA,2025-02-19,2025,28.2,336.8,-0.34975736396263823,-0.6745002201547333,0.6623714280960475
1350.0,2025 Feb flooding,Fire Classes,8900.0,PULA,2025-02-19,2025,29.9,414.7,1.7448123043136323,-0.23055075663560964,1.487681530474621
1354.0,2025 Feb flooding,Fire Classes,264950.0,PULA,2025-02-19,2025,28.3,488.7,-0.22654738347579698,0.1911727388767801,0.2911399388237115
1363.0,2025 Feb flooding,Fire Classes,90005.0,PULA,2025-02-19,2025,27.9,636.8,-0.7193873054231575,1.0351896265171168,-0.37728846597013715
1366.0,2025 Feb flooding,Fire Classes,116673.59,PULA,2025-02-19,2025,27.8,300.9,-0.8425972859099945,-0.8790931051397982,0.518247909614902
1368.0,2025 Feb flooding,Fire Classes,13771.2,PULA,2025-02-19,2025,29.1,544.5,0.7591324604189199,0.5091750503577444,0.6249787050305877
1370.0,2025 Feb flooding,Fire Classes,841944.43,PULA,2025-02-19,2025,29.3,361.4,1.005552421392598,-0.5343056527276417,1.2699290370601197
1376.0,2025 Feb flooding,Fire Classes,3377.5,PULA,2025-02-20,2025,29.8,267.9,1.6216023238267956,-1.0671589882737018,1.844380656050249
1413.0,2025 Feb flooding,Fire Classes,350000.0,PULA,2025-02-19,2025,29.1,180.3,0.7591324604189199,-1.566388423501882,1.662760441960401
1426.0,2025 Feb flooding,Fire Classes,42762.0,PULA,2025-02-20,2025,29.9,284.0,1.7448123043136323,-0.975405633168979,1.8601089687413057
1430.0,2025 Feb flooding,Fire Classes,10591.0,PULA,2025-02-21,2025,27.9,636.8,-0.7193873054231575,1.0351896265171168,-0.37728846597013715
1436.0,2025 Feb flooding,Fire Classes,26895.0,PULA,2025-02-21,2025,27.8,567.0,-0.8425972859099945,0.6374017888581331,-0.23999953738406382
1441.0,2025 Feb flooding,Fire Classes,1546965.94,PULA,2025-02-19,2025,29.1,209.8,0.7591324604189199,-1.3982689219124833,1.5787006911657016
1444.0,2025 Feb flooding,Fire Classes,350000.0,PULA,2025-02-19,2025,28.2,488.3,-0.34975736396263823,0.1888931524145511,0.23067474181140535
1445.0,2025 Feb flooding,Fire Classes,350000.0,PULA,2025-02-19,2025,27.8,300.9,-0.8425972859099945,-0.8790931051397982,0.518247909614902
1446.0,2025 Feb flooding,Fire Classes,1635508.8,PULA,2025-02-19,2025,27.4,810.4,-1.335437207857355,2.024530151124561,-1.179983679490958
1464.0,2025 Feb flooding,Fire Classes,260000.0,PULA,2025-02-19,2025,29.1,180.3,0.7591324604189199,-1.566388423501882,1.662760441960401
1465.0,2025 Feb flooding,Fire Classes,19786.45,PULA,2025-02-21,2025,29.9,414.7,1.7448123043136323,-0.23055075663560964,1.487681530474621
1467.0,2025 Feb flooding,Fire Classes,83770.25,PULA,2025-02-20,2025,28.6,366.7,0.14308255798472239,-0.5041011321031057,0.823591845043914
1477.0,2025 Feb flooding,Fire Classes,65005.0,PULA,2025-02-19,2025,29.8,267.9,1.6216023238267956,-1.0671589882737018,1.844380656050249
1483.0,2025 Feb flooding,Fire Classes,24913.0,PULA,2025-02-20,2025,29.8,338.7,1.6216023238267956,-0.663672184459145,1.6426372541429703
1493.0,2025 Feb flooding,Fire Classes,50193.0,PULA,2025-02-19,2025,29.3,361.4,1.005552421392598,-0.5343056527276417,1.2699290370601197
1496.0,2025 Feb flooding,Fire Classes,4813.55,PULA,2025-02-19,2025,28.6,366.7,0.14308255798472239,-0.5041011321031057,0.823591845043914
1531.0,2025 Feb flooding,Fire Classes,56556.0,PULA,2025-02-19,2025,29.9,284.0,1.7448123043136323,-0.975405633168979,1.8601089687413057
1551.0,2025 Feb flooding,Fire Classes,6119.0,PULA,2025-02-19,2025,27.1,539.4,-1.70506714931787,0.48011032296432277,-0.5925887361410964
1554.0,2025 Feb flooding,Fire Classes,50005.0,PULA,2025-02-19,2025,27.8,567.0,-0.8425972859099945,0.6374017888581331,-0.23999953738406382
1580.0,2025 Feb flooding,Fire Classes,450000.0,PULA,2025-02-19,2025,28.3,488.7,-0.22654738347579698,0.1911727388767801,0.2911399388237115
1601.0,2025 Feb flooding,Fire Classes,9367.0,PULA,2025-02-19,2025,27.8,639.6,-0.8425972859099945,1.051146731752721,-0.44687200883135775
1604.0,2025 Feb flooding,Fire Classes,76650.0,PULA,2025-02-19,2025,28.1,475.6,-0.4729673444494751,0.11651628223877616,0.20525818665587436
1611.0,2025 Feb flooding,Fire Classes,16655.0,PULA,2025-02-19,2025,29.1,180.3,0.7591324604189199,-1.566388423501882,1.662760441960401
1617.0,2025 Feb flooding,Fire Classes,44000.0,PULA,2025-02-19,2025,28.1,600.1,-0.4729673444494751,0.826037568607594,-0.14950245652853456
1618.0,2025 Feb flooding,Fire Classes,9390.0,PULA,2025-02-20,2025,26.8,853.1,-2.0746970907783893,2.267876005967521,-1.671286548372955
1632.0,2025 Feb flooding,Fire Classes,25000.0,PULA,2025-02-19,2025,28.0,509.4,-0.5961773249363164,0.3091413382971377,0.047340668383272944
1661.0,2025 Feb flooding,Fire Classes,50492.0,PULA,2025-02-20,2025,29.3,361.4,1.005552421392598,-0.5343056527276417,1.2699290370601197
1664.0,2025 Feb flooding,Fire Classes,16233.0,PULA,2025-02-19,2025,29.9,414.7,1.7448123043136323,-0.23055075663560964,1.487681530474621
1669.0,2025 Feb flooding,Fire Classes,51894.0,PULA,2025-02-20,2025,29.9,284.0,1.7448123043136323,-0.975405633168979,1.8601089687413057
1675.0,2025 Feb flooding,Fire Classes,12850.0,PULA,2025-02-19,2025,27.9,636.8,-0.7193873054231575,1.0351896265171168,-0.37728846597013715
1683.0,2025 Feb flooding,Fire Classes,90074.06,PULA,2025-02-19,2025,27.8,300.9,-0.8425972859099945,-0.8790931051397982,0.518247909614902
1685.0,2025 Feb flooding,Fire Classes,104474.0,PULA,2025-02-19,2025,29.1,544.5,0.7591324604189199,0.5091750503577444,0.6249787050305877
1266.0,2025 Feb flooding,Accident Classes,200122.48,PULA,2025-02-20,2025,28.2,488.3,-0.34975736396263823,0.1888931524145511,0.23067474181140535
1267.0,2025 Feb flooding,Accident Classes,19250.0,PULA,2025-02-19,2025,28.2,660.4,-0.34975736396263823,1.1696852277886356,-0.2597212958756369
1742.0,2025 Feb flooding,Accident Classes,175500.0,PULA,2025-02-19,2025,28.1,284.1,-0.4729673444494751,-0.9748357365534216,0.7509341960519732
1620.0,2025 Feb flooding,Accident Classes,15139.86,PULA,2025-02-20,2025,29.9,284.0,1.7448123043136323,-0.975405633168979,1.8601089687413057
1278.0,2025 Feb flooding,House Contents,294173.71,PULA,2025-02-20,2025,26.8,853.1,-2.0746970907783893,2.267876005967521,-1.671286548372955
1694.0,2025 Feb flooding,House Contents,93722.4,PULA,2025-02-19,2025,29.1,544.5,0.7591324604189199,0.5091750503577444,0.6249787050305877
1713.0,2025 Feb flooding,House Contents,63817.0,PULA,2025-02-19,2025,27.6,731.1,-1.0890172468836725,1.5726021349876353,-0.8308096909356539
1626.0,2025 Feb flooding,House Contents,26932.0,PULA,2025-02-19,2025,28.2,660.4,-0.34975736396263823,1.1696852277886356,-0.2597212958756369
1647.0,2025 Feb flooding,Motor Scheme,450000.0,PULA,2025-02-19,2025,28.6,301.5,0.14308255798472239,-0.8756737254464544,1.0093781417155885
1633.0,2025 Feb flooding,Motor Scheme,4572.63,PULA,2025-02-19,2025,28.3,488.7,-0.22654738347579698,0.1911727388767801,0.2911399388237115
1718.0,2025 Feb flooding,Motor Scheme,46427.86,PULA,2025-02-19,2025,27.8,567.0,-0.8425972859099945,0.6374017888581331,-0.23999953738406382
1658.0,2025 Feb flooding,Private Motor,605389.68,PULA,2025-02-19,2025,29.1,209.8,0.7591324604189199,-1.3982689219124833,1.5787006911657016
1710.0,2025 Feb flooding,Private Motor,19528.91,PULA,2025-02-19,2025,28.1,600.1,-0.4729673444494751,0.826037568607594,-0.14950245652853456
1642.0,2025 Feb flooding,Private Motor,257324.22,PULA,2025-02-19,2025,29.1,209.8,0.7591324604189199,-1.3982689219124833,1.5787006911657016
1597.0,2025 Feb flooding,Private Motor,70069.37,PULA,2025-02-19,2025,29.1,357.3,0.7591324604189199,-0.5576714139654902,1.1584019371922052
1682.0,2025 Feb flooding,Motor Specified Individual,204465.8,PULA,2025-02-21,2025,28.7,262.0,0.26629253847155926,-1.1007828885915814,1.1835377135315703
1276.0,2025 Feb flooding,Motor Credit Shortfall,23274.89,PULA,2025-02-19,2025,29.9,414.7,1.7448123043136323,-0.23055075663560964,1.487681530474621
1615.0,2025 Feb flooding,Motor Specified Individual,450000.0,PULA,2025-02-19,2025,27.4,810.4,-1.335437207857355,2.024530151124561,-1.179983679490958
1657.0,2025 Feb flooding,Motor Specified Individual,157363.78,PULA,2025-02-20,2025,28.1,284.1,-0.4729673444494751,-0.9748357365534216,0.7509341960519732
1616.0,2025 Feb flooding,Mogwebi Commercial,33790.0,PULA,2025-02-19,2025,28.6,366.7,0.14308255798472239,-0.5041011321031057,0.823591845043914
1607.0,2025 Feb flooding,Mogwebi Commercial,450000.0,PULA,2025-02-19,2025,28.6,366.7,0.14308255798472239,-0.5041011321031057,0.823591845043914
1676.0,2025 Feb flooding,Assets All Risks,1050000.0,PULA,2025-02-19,2025,29.9,414.7,1.7448123043136323,-0.23055075663560964,1.487681530474621
1588.0,2025 Feb flooding,Assets All Risks,450000.0,PULA,2025-02-20,2025,29.8,267.9,1.6216023238267956,-1.0671589882737018,1.844380656050249
